000.mp3,B major
001.mp3,D major
002.mp3,F# minor
003.mp3,G# minor
004.mp3,F minor
005.mp3,E minor
006.mp3,F# minor
007.mp3,A minor
008.mp3,A# minor
009.mp3,G major
010.mp3,A major
011.mp3,E minor
012.mp3,G major
013.mp3,A minor
014.mp3,E major
015.mp3,D minor
016.mp3,E minor
017.mp3,G major
018.mp3,E minor
019.mp3,F# minor
020.mp3,G minor
021.mp3,Eb major
022.mp3,G minor
023.mp3,D major
024.mp3,Bb minor
025.mp3,Eb minor
026.mp3,A minor
027.mp3,A minor
028.mp3,D minor
029.mp3,G minor
030.mp3,F# minor
031.mp3,D major
032.mp3,F minor
033.mp3,D minor
034.mp3,C minor
035.mp3,B minor
036.mp3,B major
037.mp3,Db major
038.mp3,E minor
039.mp3,F major
040.mp3,F# major
042.mp3,G major
043.mp3,Ab major
044.mp3,Bb major
045.mp3,A major
046.mp3,F minor
047.mp3,G major
048.mp3,C minor
049.mp3,F# minor
050.mp3,G major
051.mp3,E major
052.mp3,A minor
053.mp3,C minor
054.mp3,F minor
055.mp3,D minor
056.mp3,D minor
057.mp3,F# minor
058.mp3,G minor
059.mp3,A major
060.mp3,E minor
061.mp3,A minor
062.mp3,F minor
063.mp3,C minor
064.mp3,A major
065.mp3,Bb major
066.mp3,A major
067.mp3,D minor
068.mp3,C minor
070.mp3,G major
071.mp3,E minor
072.mp3,Eb major
073.mp3,A minor
074.mp3,A minor
075.mp3,D minor
076.mp3,D minor
077.mp3,D minor
078.mp3,B minor
079.mp3,A minor
080.mp3,Eb major
081.mp3,A major
082.mp3,Bb minor
083.mp3,E minor
084.mp3,E minor
085.mp3,D major
086.mp3,D major
087.mp3,Db major
088.mp3,C minor
089.mp3,B minor
090.mp3,C minor
091.mp3,B major
092.mp3,B minor
093.mp3,D major
094.mp3,Bb minor
095.mp3,C# minor
096.mp3,A minor
097.mp3,B major
098.mp3,D minor
099.mp3,B major
100.mp3,E minor
101.mp3,B major
102.mp3,C minor
