00.mp3	C minor	jamendo-472140	01-1921096-SephJams-160BPM C Minor Funk.mp3
01.mp3	A minor	jamendo-246264	01-1328944-Andrea Valentini-My A minor Blues - _ _ _online-audio-converter.com_.mp3
02.mp3	C major	jamendo-492637	01-1966803-____ _______-___-_ ____ C major.mp3
04.mp3	C major	jamendo-228769	01-1786746-nox-140bpm C major - space synth.mp3
06.mp3	B minor	jamendo-558014	01-2149934-Village Jam-B minor hard blues.mp3
08.mp3	A minor	jamendo-121708	01-1033777-Dee Yan-Key-Quintet_ Lively.mp3
09.mp3	E minor	jamendo-130070	01-1091210-Violet Fingers-Violet Fingers - Melody in e-minor.mp3
10.mp3	A minor	jamendo-600334	01-2245985-Stevesterry2-Springtime - Instrumental Folk in A minor.mp3
11.mp3	G minor	jamendo-242679	01-1786748-nox-130bpm G minor - spanish guitar.mp3
13.mp3	D minor	dark-beat-by-mac-beats	DarkBeat-by-MacBeats.mp3
14.mp3	E minor	e-minor-guitar-backing-track-chill-lo-fi	Lofi Jazz-Groove BackingT rack.mp3
15.mp3	B minor	davie-504-bassline-challenge-may-21-bminor-125bpm-export-b	Davie504BasslineChallenge_May21_BMinor125bpm_exportB.mp3
17.mp3	F# minor	chikennugies_song-written-in-f-sharp-minor	song written in F# minor.mp3
19.mp3	A minor	jamendo-600336	01-2245983-Stevesterry2-Springtime - Instrumental Folk in A minor _30 second version_.mp3
