00.mp3	F minor	Beethovens_Sonata_No_1_In_F_Minor-2469	Daniel_Veesey_-_02_-_Sonata_No_1_in_F_Minor_Op_2_No_1_-_II_Adagio.mp3
01.mp3	C minor	Beethovens_Sonata_No_5_in_C_Minor-2787	Daniel_Veesey_-_Sonata_No_05_in_C_Minor_Op_10_No_1_-_III_Finale_Prestissimo.mp3
02.mp3	D major	Beethovens_Sonata_No_7_in_D_Major-2791	Daniel_Veesey_-_Sonata_No_07_in_D_Major_Op_10_No_3_-_I_Presto.mp3
03.mp3	Bb major	Beethovens_Sonata_No_11_in_B_Flat_Major-2786	Daniel_Veesey_-_01_-_Sonata_No_11_in_B_Flat_Major__Op_22_-_I_Allegro_con_brio.mp3
04.mp3	Eb major	Beethovens_Sonata_No_13_in_E_Flat_Major-2811	Daniel_Veesey_-_Sonata_No_13_in_E_Flat_Major_Op_27_No_1_-_IV_Allegro_vivace_-_Tempo_I_-_Presto.mp3
05.mp3	G minor	Beethovens_Sonata_No_19_in_G_Minor-2812	Daniel_Veesey_-_Sonata_No_19_in_G_Minor_Op_49_No_1_-_II_Rondo__Allegro.mp3
06.mp3	G major	Beethovens_Sonata_No_20_in_G_Major-2875	Daniel_Veesey_-_Sonata_No_20_in_G_Major_Op_49_No_2_-_II_Tempo_di_menuetto.mp3
07.mp3	F major	Beethovens_Sonata_No_22_in_F_Major-2879	Daniel_Veesey_-_Sonata_No_22_in_F_Major_Op_54_-_I_In_tempo_dun_Menuetto.mp3
08.mp3	C minor	Beethovens_Sonata_No_32_in_C_Minor-2470	Daniel_Veesey_-_01_-_Sonata_No_32_in_C_Minor_Op_111_-_I_Maestoso_-_Allegro_con_brio_ed_appassionato.mp3
09.mp3	C minor	Beethovens_Sonata_No_in_C_Minor_Pathetique-2810	Daniel_Veesey_-_03_-_Sonata_8_Pathetique_-_III_Rondo_Allegro.mp3
10.mp3	Ab major	Chopin_69	media.io_Chopin_69.mp3
11.mp3	Eb major	nocturneineflatmajorop.9no.2	Nocturne in E flat major, Op. 9 no. 2.mp3
