track_id,genre
10,Pop
141,Folk
153,Rock
173,Rock
181,Rock
184,Rock
213,Pop
251,
331,Rock
347,Rock
384,Electronic
411,Electronic
532,Electronic
533,Electronic
534,Folk
535,Folk
536,Folk
538,Folk
540,Folk
542,Folk
546,Folk
547,Folk
549,Folk
564,Rock
565,Rock
566,Rock
567,Rock
569,Rock
570,Rock
571,Rock
572,Rock
573,Rock
574,Rock
579,Rock
580,Rock
608,Rock
610,Folk
611,Folk
612,Folk
625,Folk
634,Rock
670,Hip-Hop
671,Hip-Hop
678,Hip-Hop
679,Hip-Hop
692,Rock
705,International
706,International
708,International
805,Rock
814,Folk
1007,Rock
1014,Rock
1015,Rock
1016,Rock
1017,Rock
1042,Blues
1044,Blues
1045,Blues
1046,Blues
1049,Rock
1050,Rock
1073,Experimental
1076,
1083,Experimental
1085,Electronic
1086,Electronic
1088,Electronic
1091,Electronic
1116,Rock
1133,Rock
1156,Rock
1157,Rock
1159,Rock
1160,Rock
1161,Rock
1162,Rock
1163,Rock
1165,Rock
1167,Rock
1168,Rock
1170,Rock
1171,Rock
1172,Rock
1173,Rock
1174,Rock
1175,Rock
1177,Rock
1179,Rock
1181,Rock
1182,Rock
1183,Rock
1186,Rock
1187,Rock
1189,Rock
1190,Rock
1191,Rock
1192,Rock
1193,Folk
1194,Folk
1198,Folk
1199,Folk
1219,
1231,
1232,
1235,
1275,Rock
1277,Experimental
1354,Rock
1381,Rock
1417,Rock
1418,Rock
1419,Rock
1420,Rock
1450,Rock
1451,Rock
1474,Rock
1475,Rock
1476,Electronic
1499,Experimental
1526,Rock
1529,Rock
1530,Rock
1531,Rock
1534,Rock
1535,Rock
1536,Rock
1540,Folk
1541,Folk
1542,Folk
1546,Folk
1590,Rock
1592,Rock
1593,Rock
1595,Rock
1596,Rock
1599,Rock
1601,Rock
1603,Rock
1604,Rock
1605,Rock
1610,Rock
1611,Rock
1612,Rock
1614,Rock
1615,Rock
1616,Rock
1617,Rock
1618,Rock
1619,Rock
1643,Pop
1708,Rock
1727,Rock
1841,Pop
1844,Pop
1886,Rock
1887,Rock
1892,
1893,Folk
1894,Folk
1895,Folk
1896,Folk
1898,Rock
1899,Rock
1900,Rock
1901,Rock
1913,Folk
1914,Folk
1920,Folk
1923,Folk
1940,Rock
1941,Rock
1942,Rock
1944,Rock
2070,Rock
2099,Pop
2126,Rock
2127,Rock
3429,Blues
3465,Country
3542,Rock
3545,Rock
3581,Rock
3612,Rock
3619,Rock
3694,Rock
3700,Rock
3702,Rock
3741,
3853,Folk
3863,Rock
3941,Rock
3956,Rock
4195,Rock
4198,Rock
4203,
4206,
4211,
4224,
4345,Rock
4350,Rock
4400,Rock
4401,Rock
4402,Rock
4403,Rock
4684,Hip-Hop
4686,Hip-Hop
4717,
4776,Rock
4798,Rock
4856,
4858,
4886,
4926,
4928,
4929,
4971,
4989,
4994,
5007,Rock
5012,Old-Time / Historic
5021,Old-Time / Historic
5023,Old-Time / Historic
5045,Rock
5049,Folk
5050,Folk
5051,Folk
5052,Folk
5054,Folk
5055,Folk
5056,Folk
5058,Folk
5059,Folk
5060,Rock
5061,Rock
5064,Rock
5078,Rock
5095,Pop
5153,Rock
5178,Pop
5179,Pop
5181,Pop
5192,Pop
5195,Pop
5240,Rock
5376,Folk
5562,Rock
5566,Rock
5601,Rock
5619,
5990,Rock
6460,Folk
6603,Hip-Hop
6607,Hip-Hop
6669,Rock
6670,Rock
7011,Electronic
7012,Electronic
7014,Electronic
7015,Electronic
7179,
7202,Rock
7390,Experimental
7391,Experimental
7456,Rock
7477,Rock
7481,Hip-Hop
7482,Hip-Hop
7484,Hip-Hop
7487,Hip-Hop
7488,Hip-Hop
7489,Hip-Hop
7490,Hip-Hop
7492,Hip-Hop
7528,Pop
7529,Pop
7713,Folk
7827,
7893,Rock
7896,Rock
7898,Rock
7901,Rock
7934,Electronic
7995,Rock
8017,Rock
8283,
8910,
8913,
8914,Rock
8915,Rock
9485,
9486,
9487,
9488,
9489,
9491,Rock
9494,
9510,
9581,
9583,
9587,
9655,Rock
9659,Rock
9662,Rock
9663,Rock
9664,Rock
9665,
9666,Rock
9695,
9699,
9866,Rock
9867,Rock
9904,
9905,
9906,
9907,
9913,
9916,
9985,Rock
9986,Rock
9987,Rock
9988,Rock
9989,Rock
9990,Rock
9999,Rock
10000,Rock
10001,Rock
10002,Rock
10003,Rock
10060,Rock
10109,Electronic
10190,Rock
10194,
10381,Folk
10382,Folk
10383,Folk
10388,Folk
10408,
10412,
10415,
10433,Experimental
10438,Folk
10439,Folk
10440,Folk
10441,Folk
10442,Folk
10443,Folk
10447,Folk
10518,
10575,Folk
10604,
10941,
10992,Folk
11019,Experimental
11135,
11154,
11156,
11205,Rock
11304,Rock
11305,Rock
11306,Rock
11307,
11308,
11309,
11310,
11434,
11436,
11438,
11444,
11472,
11477,
11623,
11657,
11938,Rock
11940,Rock
11954,Rock
11956,Rock
11960,Rock
11999,
12000,
12003,
12008,
12013,
12014,
12018,
12020,
12021,
12100,
12105,
12131,Electronic
12147,Pop
12176,
12189,Electronic
12191,
12290,
12389,
12390,Pop
12491,
12492,
12494,
12496,
12497,
12500,
12501,
12502,
12503,
12504,
12507,
12556,Rock
12590,Electronic
12592,Electronic
12650,
12672,Jazz
12676,Jazz
12851,Folk
12855,Folk
12901,
12945,
12946,
12947,
12951,
12953,
13079,
13088,
13090,
13177,
13200,
13217,Rock
13247,
13249,
13324,Pop
13328,Pop
13362,Pop
13380,
13459,Folk
13474,Electronic
13569,
13591,Hip-Hop
13597,Jazz
13709,Electronic
13765,Rock
13776,Rock
13912,Country
13914,Rock
13927,Folk
13938,
13939,
13967,
13976,Country
13980,
13998,
14006,
14007,
14010,
14012,
14014,Country
14016,Country
14019,Country
14020,
14032,
14033,
14035,
14039,
14063,Electronic
14064,Electronic
14067,Electronic
14068,Electronic
14130,
14131,
14132,
14152,
14191,
14229,
14240,
14243,
14244,
14245,
14263,
14279,
14281,
14282,
14283,
14284,
14286,
14287,
14288,
14289,
14345,Electronic
14347,Electronic
14364,Hip-Hop
14365,Hip-Hop
14372,Hip-Hop
14375,
14384,
14386,Hip-Hop
14479,Electronic
14635,
14643,
14651,
14653,Rock
14657,
14661,Folk
14684,Folk
14685,
14686,
14693,Folk
14737,Rock
14738,Rock
14739,Rock
14747,
14748,
14796,Electronic
14882,
14886,
14887,
14891,
14895,
14896,
14897,
14907,Country
14908,Country
14922,Electronic
14934,
14935,
14941,Country
14942,Country
14952,Country
14953,
14954,Country
14957,Country
14959,Country
14964,Country
14967,Country
14968,
14969,Country
14978,
14979,
14990,
14999,
15000,
15001,
15044,
15124,Rock
15142,Hip-Hop
15228,Rock
15307,Rock
15438,Folk
15441,Folk
15446,Folk
15479,
15763,Jazz
15893,Electronic
15953,
15954,
15956,
15957,
15958,
16062,Rock
16115,
16117,
16118,
16119,
16120,
16121,
16122,
16123,
16124,
16126,Electronic
16127,Electronic
16128,Electronic
16157,Rock
16241,Folk
16242,Folk
16248,
16343,Rock
16354,Rock
16392,Old-Time / Historic
16650,
16651,
16652,
16655,
16657,
16673,
16690,Rock
16692,Rock
16695,Rock
16696,Rock
16697,Rock
16699,Rock
16702,Rock
16703,Rock
16983,Jazz
17132,Folk
17133,
17327,
17328,
17355,Rock
17364,Rock
17439,Jazz
17524,
17571,
17576,Rock
17589,Electronic
17595,Rock
17601,Rock
17602,Rock
17603,Rock
17831,
17839,Rock
17845,
17992,Old-Time / Historic
18101,Folk
18104,
18113,
18140,
18141,
18142,
18307,
18347,Folk
18383,Rock
18384,Rock
18394,
18584,Rock
18586,Rock
18599,
18603,
18616,
18636,Electronic
18642,Rock
18683,Rock
18691,Old-Time / Historic
18694,Old-Time / Historic
18710,
18712,Old-Time / Historic
18713,Old-Time / Historic
18715,Folk
18742,
18743,
18744,
18745,
18746,
18747,
18751,
18753,
18803,Electronic
18823,Hip-Hop
18887,Rock
18888,Rock
18891,Rock
19070,Rock
19207,
19246,
19250,
19252,
19253,
19254,
19255,
19256,
19257,
19260,
19261,
19264,Electronic
19297,Rock
19322,
19323,
19392,Rock
19397,Rock
19424,
19426,
19440,
19443,
19539,
19637,Rock
19638,Folk
19639,Rock
19649,Rock
19658,Rock
19668,Rock
19670,Rock
19671,Rock
19680,Folk
19683,
19684,Rock
19705,Folk
19707,Folk
19708,Folk
19718,Rock
19720,Rock
19721,Rock
19722,Rock
19724,Rock
19726,Hip-Hop
19741,Rock
19742,Rock
19757,
20013,Rock
20033,
20044,
20052,
20053,Rock
20055,Rock
20123,
20124,
20129,Old-Time / Historic
20152,Old-Time / Historic
20206,Old-Time / Historic
20210,Folk
20227,Rock
20229,Rock
20230,Rock
20256,
20263,
20265,Rock
20266,Rock
20432,International
20434,
20565,
20690,
20761,Experimental
20824,
20826,
20934,Rock
21011,Electronic
21014,Electronic
21064,
21065,
21083,Electronic
21084,Electronic
21085,Electronic
21086,Electronic
21100,
21189,Rock
21202,
21220,
21260,
21298,
21302,Rock
21368,Folk
21378,Pop
21379,Pop
21381,Pop
21553,
21555,Electronic
21556,Electronic
21557,Electronic
21559,Electronic
21617,
21820,
21823,
21826,
21827,
21828,
21829,
21831,
21834,
21859,Rock
21860,Rock
21961,Electronic
22058,
22059,
22060,
22061,
22062,
22097,Pop
22195,
22284,
22285,
22295,Hip-Hop
22311,
22317,
22318,
22319,
22322,
22323,
22328,
22453,Electronic
22556,Rock
22562,Rock
22563,Rock
22576,
22943,
22954,Rock
22974,Jazz
22996,
22997,
23011,
23014,Folk
23015,Folk
23025,
23026,
23059,
23060,
23096,
23107,
23108,
23172,Rock
23173,
23177,
23181,
23338,Rock
23339,Rock
23340,Rock
23341,Rock
23342,Rock
23370,
23371,Folk
23797,
23800,
23808,
23851,
23856,Electronic
23857,Electronic
23859,Electronic
23861,Electronic
23862,Electronic
23888,Electronic
24014,
24015,
24016,
24017,
24106,
24227,
24228,
24229,
24230,
24238,
24240,
24241,
24254,
24255,
24256,
24257,
24258,
24262,
24264,
24270,
24271,
24272,
24274,
24736,
24737,
24856,
24866,Experimental
24868,Experimental
24876,Experimental
24877,Experimental
24937,
24938,
24939,
24941,
24942,
25062,Pop
25085,
25086,
25087,
25090,
25636,
25637,
25795,International
25796,International
25798,International
25799,International
25800,International
25906,
25907,
25908,
25909,
26024,Hip-Hop
26169,Pop
26171,Pop
26173,Pop
26174,Pop
26175,Pop
26176,Pop
26177,Pop
26178,Pop
26179,Pop
26242,Rock
26311,Experimental
26673,Rock
26679,Rock
26680,Rock
26721,
26737,Folk
26894,Instrumental
26901,Instrumental
27127,Jazz
27177,Electronic
27179,Electronic
27183,Electronic
27222,Rock
27223,Rock
27224,Rock
27230,Rock
27231,Rock
27232,Rock
27233,Rock
27235,Rock
27258,Folk
27548,Pop
27549,Pop
27550,Pop
27607,Rock
27844,
27845,
27846,Rock
27853,Rock
27859,Folk
27861,
27862,Folk
27864,Rock
27865,Rock
27979,
28070,Rock
28084,
28252,
28266,Rock
28364,Experimental
28365,Experimental
28377,Experimental
28388,
28396,
28398,
28400,
28427,
28428,
28429,
28430,
28431,
28435,
28545,
28548,Electronic
28589,
28599,
28647,
28777,Rock
28783,Rock
28810,Rock
28811,Rock
28814,
28832,Rock
28833,Rock
28834,Rock
28835,Rock
29046,Pop
29047,Pop
29265,Pop
29267,Pop
29268,
29271,Pop
29447,Rock
29448,Rock
29449,Rock
29450,Rock
29451,Rock
29452,Rock
29453,Rock
29454,Folk
29455,Folk
29456,Folk
29457,Folk
29458,Folk
29459,Folk
29461,Folk
29467,Folk
29469,Folk
29470,Folk
29471,Folk
29472,Folk
29473,Folk
29474,Folk
29475,Folk
29476,Folk
29477,Folk
29478,Folk
29479,Folk
29480,Folk
29526,Electronic
29527,Electronic
29528,Electronic
29529,Electronic
29530,Electronic
29532,Electronic
29584,Hip-Hop
29586,Hip-Hop
29605,Hip-Hop
29609,
29610,
29611,
29625,Electronic
29626,Electronic
29627,Electronic
29739,Experimental
29818,Electronic
29819,Electronic
29844,
29846,
29849,
29851,
29943,Hip-Hop
30015,
30018,
30023,
30025,
30026,
30027,
30028,
30030,
30033,Hip-Hop
30035,Hip-Hop
30039,Hip-Hop
30040,Hip-Hop
30042,Hip-Hop
30044,Hip-Hop
30045,Hip-Hop
30047,Hip-Hop
30048,Hip-Hop
30049,Hip-Hop
30050,Hip-Hop
30051,Hip-Hop
30052,Hip-Hop
30053,Hip-Hop
30055,Hip-Hop
30056,Hip-Hop
30058,Hip-Hop
30117,
30148,Rock
30149,Rock
30362,
30363,
30366,
30369,
30370,
30518,Electronic
30519,Electronic
30520,Electronic
30521,Electronic
30544,Experimental
30838,
30839,
30840,
30842,
30846,
30847,
30848,
30977,
30978,
30979,
30980,
30981,
30982,
30983,
30984,
30986,
30989,
31012,Experimental
31126,Old-Time / Historic
31152,
31160,Rock
31201,
31202,
31206,
31207,
31208,
31209,
31218,
31220,
31221,
31222,
31223,
31224,
31227,
31231,
31257,Rock
31345,
31346,
31357,
31358,
31359,
31362,
31363,
31365,
31366,
31367,
31426,Rock
31427,Rock
31428,Rock
31433,Rock
31435,Rock
31436,Rock
31437,Rock
31438,Rock
31439,Rock
31440,Rock
31441,Rock
31446,Rock
31458,Electronic
31569,Electronic
31573,Electronic
31577,Electronic
31578,Electronic
31629,Electronic
31636,Electronic
31866,
31871,
31991,
31992,
31993,
31994,
31995,
31999,Rock
32000,Rock
32001,Rock
32002,Rock
32005,
32006,
32007,
32008,
32011,
32012,
32013,
32068,Rock
32177,Rock
32365,
32399,
32575,
32577,
32581,
32611,
32613,
32696,Folk
32697,Folk
32698,Folk
32699,Folk
32700,Folk
32701,Folk
32702,Folk
32703,Folk
32704,Folk
32705,Folk
32706,Folk
32749,
32751,
32756,Folk
32759,Pop
32771,Rock
32773,Rock
32802,
32803,
32805,
32806,
32831,Rock
32844,Electronic
32869,
32898,Electronic
32899,Electronic
32900,Electronic
33124,Electronic
33152,
33171,Rock
33184,Rock
33199,
33200,Electronic
33234,
33235,
33263,
33264,
33276,
33277,Rock
33279,
33289,
33300,Electronic
33301,Electronic
33303,Electronic
33305,Electronic
33306,Electronic
33307,Electronic
33308,Electronic
33309,Electronic
33310,
33312,
33325,
33449,
33454,
33525,Electronic
33591,
33603,Electronic
33615,Electronic
33629,Electronic
33850,
33985,Rock
33994,Rock
34082,Rock
34083,Rock
34085,Rock
34119,
34334,
34442,
34449,
34456,
34500,
34501,
34503,
34976,Electronic
34978,Electronic
35084,
35086,
35219,
35342,Electronic
35525,Rock
35532,Rock
35534,Rock
35537,Rock
35543,Rock
35544,Pop
35547,Pop
35548,Pop
35549,Pop
35552,Pop
35553,Pop
35750,Pop
35754,Pop
35773,Pop
36050,Electronic
36051,Electronic
36052,Electronic
36053,Electronic
36054,Electronic
36056,Electronic
36057,Electronic
36121,
36125,
36126,
36127,
36128,
36130,
36131,
36384,
36385,
36388,Pop
36389,
36393,
36481,Rock
36482,Rock
36483,Rock
36484,Rock
36485,Rock
36486,Rock
36487,Rock
36488,Rock
36490,Rock
36572,Folk
36573,Folk
36574,Folk
36575,Folk
36576,Folk
36577,Folk
36579,Folk
36580,Folk
36737,Rock
36738,Rock
36747,
36749,
36751,
36757,
36762,
36763,
36764,
36765,
36768,Instrumental
36771,Instrumental
36772,Instrumental
36773,Instrumental
36774,Instrumental
36777,Instrumental
37085,
37087,
37088,
37096,
37106,
37107,
37110,
37138,
37368,Pop
37457,Rock
37459,Rock
37461,Rock
37593,Pop
37602,
37622,
37623,
37624,
37625,
37626,
37627,
37628,
37711,
37713,
37743,
37876,Rock
37956,Rock
37981,
37982,
37983,
37984,
37985,
38506,
38508,
38510,
38511,
38514,
38515,
38548,
38555,
38790,
38958,
38970,
38971,
38974,
38978,
38979,
38981,
38983,
39055,
39290,
39330,
39332,
39342,
39357,International
39361,
39393,
39514,Electronic
39525,Electronic
39526,Electronic
39527,Electronic
39528,Electronic
39529,Electronic
39539,
39541,
39542,
39549,
39569,
39570,
39573,
39574,
39575,
39580,
39581,
39583,
39586,
39587,
39588,
39811,
39930,
39932,
39950,
40234,Folk
40238,Folk
40239,Folk
40240,Folk
40242,Folk
40243,Folk
40244,Folk
40245,Folk
40265,Electronic
40266,Electronic
40321,
40369,Electronic
40370,Electronic
40373,Electronic
40487,
40488,
40491,
40492,
40495,
40496,
40497,
40553,
40556,
40557,
40569,
40618,
40619,
40621,
40623,
40707,
40708,
40709,
40710,
40711,
40714,
40716,
40719,
40764,
40769,
40771,Electronic
40773,
40777,
40814,Electronic
40841,
40842,Electronic
40843,Electronic
40848,
40849,
40951,Rock
40963,Rock
40984,Rock
40985,Rock
40989,Rock
41010,Pop
41095,Rock
41101,
41104,
41122,
41124,
41125,
41191,Folk
41192,Folk
41284,
41299,Rock
41302,Rock
41486,
41487,
41489,
41515,
41516,
41517,
41519,
41520,
41550,
41554,
41569,Classical
41598,
41599,
41600,
41601,
41602,
41758,Instrumental
41971,Instrumental
41974,
41975,
41976,
41980,
41981,
41982,
41988,
42040,Hip-Hop
42044,Rock
42047,
42055,
42056,
42057,
42058,
42059,
42060,
42062,
42064,
42065,
42312,Rock
42348,
42349,
42350,
42351,
42432,Rock
42434,Rock
42657,Folk
42740,Electronic
42742,Electronic
42744,Electronic
42745,Electronic
42747,Electronic
42748,Electronic
42749,Electronic
42750,Electronic
42756,Electronic
42757,Electronic
42758,Electronic
42803,Rock
42806,Rock
42834,
42835,
42836,
42837,
43153,Electronic
43304,
43323,
43325,
43402,Rock
43407,Rock
43408,Rock
43411,Rock
43493,
43497,
43499,
43502,
44099,
44100,
44101,
44102,
44103,
44105,
44106,
44107,
44108,
44109,
44126,Rock
44195,Rock
44196,Rock
44197,Rock
44198,Rock
44207,Rock
44277,Rock
44278,Rock
44279,Rock
44282,Rock
44283,Rock
44285,Rock
44286,Rock
44401,
44423,
44799,Experimental
44801,Experimental
44821,International
44822,International
44823,International
44886,Rock
44896,Rock
44954,Rock
45012,Rock
45060,Rock
45099,Electronic
45100,Electronic
45101,Electronic
45103,Electronic
45141,Electronic
45166,
45275,Rock
45320,
45331,
45332,
45334,
45513,Folk
45514,Folk
45515,Folk
45517,Folk
45518,Folk
45519,Folk
45520,Folk
45521,Folk
45522,Folk
45523,Folk
45562,
45563,
45565,
45566,
45567,
45568,
46070,
46088,Rock
46091,Rock
46126,Rock
46129,Rock
46146,Rock
46334,
46339,
46362,
46365,
46508,Electronic
46514,Electronic
46546,
46547,
46548,
46549,
46550,
46551,
46552,
46553,
46728,
46729,Rock
46735,Rock
46736,Pop
46737,
46738,
46757,Rock
46785,
46786,
46787,
46788,
46789,
46790,
46791,
46793,
46796,
46839,Pop
46841,Pop
46842,Pop
46843,Pop
46844,Pop
46845,Pop
46847,Pop
46848,Pop
46850,Pop
46852,Pop
46853,Pop
46854,Pop
46855,Pop
46856,Pop
47023,
47035,Jazz
47041,
47042,
47043,
47044,
47068,Electronic
47069,Electronic
47070,Electronic
47071,Electronic
47072,Electronic
47073,Electronic
47075,Electronic
47076,Electronic
47077,Electronic
47237,
47238,
47240,
47242,
47243,
47245,
47343,
47347,
47365,
47366,
47368,
47369,
47371,
47454,Rock
47464,Rock
47475,Rock
47477,Rock
47478,Rock
47479,Rock
47480,Rock
47481,Rock
47482,Rock
47483,Rock
47515,
47559,
47562,
47604,
47609,
47612,
47661,Folk
47662,Folk
47676,Rock
47739,Rock
47740,Rock
47742,Rock
47767,
47771,Classical
47860,Folk
47894,Pop
47915,Rock
47916,Rock
47917,Rock
47919,Rock
47920,Rock
47921,Rock
47922,Rock
47923,Rock
47924,Rock
47955,Rock
48002,
48003,
48006,
48055,
48056,
48057,
48058,
48059,
48060,
48062,
48063,
48119,
48123,
48125,
48139,
48140,
48141,
48142,
48143,
48144,
48145,
48146,
48147,
48148,
48149,
48173,
48175,
48176,
48177,
48178,
48180,
48182,
48183,
48184,
48185,
48186,
48187,
48188,
48189,
48194,
48195,
48198,
48199,
48202,
48203,Electronic
48204,Electronic
48205,Electronic
48206,Electronic
48216,Hip-Hop
48223,Rock
48241,
48242,
48243,
48244,
48245,
48247,
48248,
48249,
48290,Electronic
48291,Electronic
48293,Electronic
48294,Electronic
48297,Electronic
48612,
48615,
48616,
48618,
48619,
48620,
48621,
48622,
48789,Rock
48957,
48961,
48969,
49088,Rock
49090,Rock
49093,Rock
49097,Rock
49098,Rock
49132,Rock
49296,
49430,Rock
49438,
49637,
49638,
49639,
49640,
49641,
49642,
49643,
49830,
49831,
49832,
49833,
49836,
49837,
49838,
49842,Folk
49847,Folk
49848,Folk
49849,Folk
50048,Rock
50049,Rock
50051,Rock
50053,Rock
50054,Rock
50055,Rock
50061,Electronic
50092,
50096,
50099,
50267,Rock
50272,Pop
50282,
50298,Rock
50370,Jazz
50419,
50423,
50424,
50450,
50451,
50453,
50454,
50455,
50456,
50457,
50464,
50539,Rock
50544,Rock
50595,Pop
50619,Folk
50623,Folk
50723,
50724,
50725,
50726,
50727,
50728,
50729,
50730,
50731,
50732,
50740,
50741,
50742,
50743,
50835,Pop
50860,Electronic
50862,Electronic
50863,Electronic
50864,Electronic
50865,Electronic
50868,Electronic
50869,Electronic
50882,Soul-RnB
50891,Blues
50892,Blues
50905,Classical
50910,Classical
50911,Classical
50912,Classical
50913,Classical
50914,Classical
50927,Classical
50928,Classical
50936,Classical
50939,Classical
50940,Classical
50944,Classical
50946,Classical
50952,Folk
50954,Easy Listening
50955,Instrumental
50957,
50959,
50972,Jazz
50973,
50990,Jazz
50991,
50998,
51000,International
51001,International
51007,
51008,International
51038,
51118,Experimental
51127,
51129,
51153,
51168,Electronic
51169,Electronic
51195,
51228,
51229,
51230,
51231,
51235,
51238,
51239,
51241,
51263,Pop
51271,Pop
51313,Rock
51317,Rock
51332,Folk
51333,Folk
51357,Rock
51358,Rock
51359,Rock
51360,Rock
51389,
51418,Electronic
51419,Electronic
51420,Electronic
51421,Electronic
51423,Electronic
51424,Electronic
51425,Electronic
51426,Electronic
51427,Electronic
51428,Electronic
51429,Electronic
51430,Electronic
51614,
51615,
51616,
51617,
51618,
51622,
51623,
51625,
51628,
51629,
51631,
51632,
51635,
51710,Electronic
51715,Rock
51732,
51734,
51755,
51774,Rock
51775,Electronic
51776,Instrumental
51778,Electronic
51779,Electronic
51783,
51785,Electronic
51921,Electronic
52034,Pop
52036,Pop
52040,Pop
52043,Pop
52045,Pop
52052,
52059,
52225,Rock
52227,Rock
52229,Rock
52250,Rock
52251,Rock
52255,Rock
52257,Rock
52259,Rock
52261,Rock
52275,Rock
52276,Rock
52277,
52361,Rock
52404,Rock
52508,Folk
52520,Rock
52521,Rock
52522,Rock
52524,Rock
52525,Rock
52526,Rock
52568,Rock
52853,
52855,
52857,
52928,
52929,
52931,
52962,Rock
52969,
53247,
53248,
53249,
53250,
53251,
53636,Rock
53637,Rock
53638,Rock
53639,Rock
53642,Rock
53643,Rock
53646,Rock
53735,Rock
53736,Rock
53742,Rock
53743,Rock
53744,Rock
53796,
53798,
53799,
53800,
53801,
53803,
53805,
53807,Rock
53808,
53810,
53811,
53812,
53813,
53814,
53815,
53816,
53817,
53818,
53819,
53820,
53821,
53823,
53824,
53825,
53826,
53827,
53828,
53829,
53830,
53845,
53846,
53852,
53859,Electronic
53863,Electronic
53896,
54047,Rock
54054,Rock
54082,Rock
54166,
54167,
54168,
54169,
54171,
54172,
54173,
54206,
54208,
54212,
54213,
54215,
54225,
54226,
54227,
54228,
54229,
54230,
54231,
54232,
54236,Pop
54298,Rock
54594,
54622,Rock
54623,Rock
54682,
54683,
54684,
54685,
54686,
54687,
54688,
54689,
54690,
54691,
54692,
54693,
54694,
54695,
54696,
54697,
54698,
54699,Folk
54701,Folk
54703,Folk
54715,
54735,Rock
54830,
54907,
54908,
54909,
54910,
54911,
54912,
54913,
55111,Soul-RnB
55121,Hip-Hop
55237,International
55247,
55248,
55249,
55285,Pop
55286,Pop
55288,Pop
55289,Pop
55290,Pop
55292,Pop
55295,Pop
55332,
55334,
55336,
55346,
55370,
55405,
55406,
55407,
55409,
55411,
55412,
55451,Rock
55452,Rock
55488,
55550,Hip-Hop
55554,Hip-Hop
55558,Hip-Hop
55710,Rock
55711,Rock
55712,Rock
55713,Rock
55714,Rock
55715,Rock
55716,Rock
55717,Rock
55718,Rock
55719,Rock
55899,Hip-Hop
56143,Rock
56186,
56187,
56189,
56249,Pop
56480,Rock
56500,
56502,
56504,
56505,
56506,
56508,
56510,
56511,
56512,
56513,
56514,
56515,
56516,Folk
56517,Folk
56518,Folk
56520,Folk
56521,Folk
56525,Electronic
56526,Electronic
56527,Electronic
56528,Electronic
56601,
56603,
56605,
56606,
56712,
56713,
56714,
56795,Electronic
56798,Electronic
56799,Electronic
56801,Electronic
56803,Electronic
56804,Electronic
56805,Electronic
56825,
56836,Rock
56895,Pop
56901,
56903,
56904,
56905,
56908,
56912,
56929,Rock
56958,
57003,
57004,
57005,
57007,
57009,
57010,
57012,
57038,Rock
57043,Rock
57047,Rock
57049,Rock
57050,Rock
57053,Rock
57054,Rock
57071,Rock
57164,Folk
57166,Folk
57175,Folk
57176,Folk
57234,
57235,
57241,
57261,
57262,
57263,
57265,
57267,
57300,
57303,
57374,Instrumental
57387,Instrumental
57391,Rock
57393,Rock
57400,Rock
57433,Instrumental
57632,Rock
57636,Rock
57663,Rock
57786,
57787,
57788,
57790,
57791,
57792,
57793,
57796,
57798,
57799,
57801,
57802,
57804,
57909,
57910,
57911,
57912,
57913,
57914,
57915,
57916,
57918,
57919,
57920,
57921,
57922,
57924,
58111,
58128,Folk
58129,Folk
58130,Folk
58133,Folk
58134,Folk
58135,Folk
58136,Folk
58138,Folk
58139,Folk
58140,Folk
58204,Electronic
58207,Hip-Hop
58210,Electronic
58215,Hip-Hop
58216,
58219,
58220,
58221,Rock
58237,Electronic
58273,
58274,
58275,
58276,
58278,
58288,
58290,
58292,
58293,
58294,
58295,
58296,
58297,
58303,
58304,
58307,
58308,
58309,
58310,
58312,
58315,
58316,
58337,
58339,
58340,
58374,
58384,
58410,Rock
58412,Rock
58462,
58463,
58505,Rock
58507,
58517,
58604,Rock
59068,Classical
59173,Blues
59176,Rock
59190,Electronic
59198,Electronic
59250,
59251,
59252,
59284,
59286,
59291,
59293,
59294,
59375,
59542,
59543,
59544,
59545,
59546,
59552,
59554,
59555,
59559,
59595,
59608,
59613,
59614,
59630,
59631,
59633,
59634,
59635,
59915,
59982,
59985,
60154,
60158,
60255,
60277,Old-Time / Historic
60353,Rock
60355,Rock
60356,Rock
60357,Rock
60358,Rock
60360,Rock
60362,Rock
60363,Rock
60842,
60919,
60920,
60921,
60922,
60923,
60924,
60925,
60926,
60927,
60928,
60969,Rock
60971,Rock
60973,Rock
60974,Rock
61394,Experimental
61480,
61495,
61496,
61497,
61498,
61499,
61501,
61502,
61503,
61504,
61505,
61507,
61509,
61510,
61512,
61673,
61679,Pop
61731,
61767,
61768,
61772,
61775,Rock
61777,Rock
61782,Rock
61854,Hip-Hop
61863,
61890,Hip-Hop
62042,Electronic
62164,Pop
62171,Electronic
62184,International
62188,International
62375,
62381,
62418,
62587,Rock
62637,Electronic
62640,Electronic
62641,Electronic
62642,Electronic
62643,Electronic
62645,Electronic
62647,Electronic
62648,Electronic
62665,Electronic
62666,Electronic
62667,Electronic
62670,Electronic
62673,Electronic
62687,
62854,Rock
62902,
62903,
62904,
62905,
62906,
62907,
62908,
62909,
62910,
62911,
63039,Rock
63098,Rock
63147,
63224,Pop
63227,
63228,
63229,
63260,Rock
63261,Rock
63263,Rock
63411,Electronic
63464,
63470,Rock
63477,Rock
63481,Rock
63732,Hip-Hop
63734,Hip-Hop
63752,Hip-Hop
63753,Hip-Hop
63754,Hip-Hop
63757,Hip-Hop
63758,Hip-Hop
63762,Hip-Hop
63768,Hip-Hop
63769,Hip-Hop
63770,Hip-Hop
63789,Hip-Hop
63929,Experimental
63934,Experimental
63965,Electronic
63966,Electronic
63968,Electronic
63969,Electronic
63971,Electronic
63979,
63998,Pop
63999,Pop
64005,Pop
64006,Pop
64007,Pop
64008,Pop
64041,
64044,
64046,
64158,
64160,
64161,
64162,
64163,
64164,
64165,
64167,
64227,
64238,Rock
64255,Rock
64264,
64265,
64267,
64270,
64275,Rock
64361,Jazz
64362,Jazz
64363,Jazz
64423,
64576,
64592,International
64804,Electronic
64952,
64953,
64954,
64955,
64956,
64998,Rock
64999,Rock
65000,Rock
65002,Rock
65038,Electronic
65039,Electronic
65089,
65154,
65217,
65220,
65412,
65416,
65417,
65472,Experimental
65475,Experimental
65605,
65652,Classical
65656,Classical
65657,Classical
65658,Classical
65659,Classical
65660,Classical
65661,Classical
65662,Classical
65663,Classical
65665,Classical
65666,Classical
65667,Classical
65668,Classical
65669,Classical
65670,Classical
65671,Classical
65672,Classical
65673,Classical
65674,Classical
65676,Classical
65678,Classical
65682,Classical
65683,Folk
65749,Electronic
65755,Pop
65781,Classical
65782,Classical
65783,Classical
65787,Classical
65788,Classical
65789,Classical
65791,Classical
65792,Classical
65793,Classical
65794,Classical
65796,Classical
65872,Rock
65874,
65876,
65877,Rock
65878,Rock
65879,Rock
65880,Rock
65890,Folk
65891,Folk
65892,Folk
65893,Folk
65991,
65992,
65993,
65994,
65996,
66011,
66049,
66050,
66051,
66052,
66053,
66054,
66056,
66057,
66073,Electronic
66074,Electronic
66075,Electronic
66076,Electronic
66078,
66081,
66082,
66083,
66084,
66086,
66087,
66089,
66090,
66091,
66093,
66094,
66095,
66096,
66097,
66098,
66099,
66100,
66112,
66113,
66114,
66130,
66131,
66134,
66136,
66137,
66138,
66141,
66142,
66143,
66144,
66150,
66177,
66178,
66179,
66180,Folk
66182,Folk
66183,Folk
66184,Folk
66185,Folk
66186,Folk
66187,Folk
66188,
66193,
66201,Rock
66303,
66314,
66315,
66316,
66317,
66318,
66319,
66320,
66321,
66322,
66323,
66324,
66375,
66389,
66390,Electronic
66392,
66395,Rock
66401,
66402,
66406,
66408,
66409,
66414,
66415,
66416,
66417,
66418,
66420,
66421,
66422,
66436,Electronic
66437,Electronic
66441,Electronic
66459,Rock
66493,
66495,
66510,
66516,
66518,
66519,
66524,Electronic
66542,
66543,
66544,
66545,
66546,
66547,
66659,Rock
66660,Rock
66723,
66724,
66739,
66740,
66741,
66744,
66748,
66752,
66753,
66756,
66757,Instrumental
66766,Rock
66851,Electronic
66853,Electronic
66856,Electronic
66857,Electronic
66858,Electronic
66859,Electronic
66860,Electronic
66873,Electronic
66876,Electronic
66877,Electronic
66881,Electronic
66882,Electronic
66886,Electronic
66887,Electronic
66895,
66896,
66903,
66904,
66905,
66929,Electronic
66933,Electronic
66939,Electronic
66941,Electronic
67051,
67101,
67102,
67106,
67121,Rock
67236,
67257,
67286,
67287,
67288,
67289,
67291,
67292,
67293,
67294,
67298,
67300,
67302,
67303,
67306,
67329,Pop
67330,Pop
67332,Pop
67333,Pop
67334,Pop
67335,Pop
67336,Pop
67363,Pop
67464,Electronic
67465,Electronic
67466,Electronic
67467,Electronic
67472,Electronic
67473,Electronic
67474,Electronic
67547,Electronic
67552,Electronic
67579,
67581,
67653,Rock
67654,Rock
67656,Rock
67658,Rock
67660,Rock
67744,
67831,
67836,
67837,
67838,
67840,
68187,
68189,
68192,
68194,
68195,
68196,
68253,
68255,
68256,
68260,
68278,
68279,
68280,
68281,
68413,
68414,
68416,
68419,
68420,
68424,Soul-RnB
68426,Soul-RnB
68428,Soul-RnB
68429,Soul-RnB
68434,Soul-RnB
68456,
68459,
68582,Electronic
68583,Electronic
68584,Electronic
68586,Electronic
68777,
68778,
68910,Rock
68911,Rock
68912,Rock
68913,Rock
68914,Rock
68915,Rock
68916,Rock
68917,Rock
68918,Rock
68919,
68942,
68948,
68949,
68950,
69011,
69012,
69064,Instrumental
69065,Instrumental
69067,Instrumental
69068,Instrumental
69072,
69073,
69176,Rock
69214,
69226,
69233,
69234,
69235,
69237,
69238,
69240,
69242,
69244,
69245,
69246,
69247,
69248,
69250,
69259,Rock
69314,
69319,
69323,
69330,
69458,
69576,
69588,Electronic
69590,Electronic
69593,Electronic
69594,Electronic
69601,
69607,
69608,
69609,
69610,
69611,
69612,
69781,Rock
69904,Hip-Hop
69932,Rock
69937,Rock
69941,Rock
70048,
70050,
70051,
70052,
70053,
70054,
70056,
70057,
70058,
70059,
70060,
70061,
70103,
70191,Rock
70194,Rock
70213,
70215,
70221,
70227,
70229,
70244,Electronic
70302,Electronic
70304,
70403,Rock
70673,
70713,
70717,
70719,
70883,Rock
70887,Rock
71009,
71226,Hip-Hop
71229,Hip-Hop
71231,Hip-Hop
71256,Rock
71257,Rock
71261,Rock
71262,Rock
71263,Rock
71264,Rock
71266,Rock
71334,
71363,Rock
71364,Rock
71365,Rock
71366,Rock
71367,Rock
71368,Rock
71369,Rock
71370,Rock
71371,Rock
71372,Rock
71488,Rock
71504,Electronic
71506,Electronic
71511,Electronic
71515,Electronic
71516,Electronic
71517,
71582,
71583,
71584,
71585,
71697,Electronic
71698,Electronic
71700,Electronic
71701,Electronic
71702,Electronic
71703,Electronic
71855,
71957,Electronic
72017,
72020,
72022,
72046,Folk
72047,Folk
72048,Folk
72049,Folk
72051,Folk
72053,Folk
72055,Folk
72056,Folk
72057,Folk
72110,
72113,
72115,
72206,Electronic
72245,
72246,
72248,
72255,
72313,
72359,
72360,
72436,
72451,Rock
72474,Electronic
72475,Rock
72477,Electronic
72480,
72615,Rock
72623,Rock
72624,Rock
72634,Rock
72686,Electronic
72997,
73069,
73114,
73181,Rock
73419,
73420,
73422,
73423,
73425,
73428,
73431,
73432,
73435,
73437,
73492,
73495,Instrumental
73687,
73689,
73693,
73696,
73704,
73741,
73758,
73761,International
73763,International
73768,International
73770,International
73772,International
73774,International
73788,
73789,
73792,Pop
73806,
73809,
73836,
73866,
73868,
73875,
73941,
73942,
73943,
73944,
73946,
73948,
73950,
73951,
73952,
73953,
73954,
73955,
73956,
73957,
73958,
73959,
73964,
73965,
73966,
73967,
73968,
73969,
73970,
73971,
73973,Rock
73976,Rock
73977,Rock
74090,
74111,
74113,
74146,Electronic
74148,Electronic
74149,Electronic
74192,
74208,
74214,
74340,
74378,Experimental
74383,Experimental
74384,Experimental
74386,Experimental
74393,Experimental
74474,Rock
74506,
74508,
74509,
74510,
74512,
74514,
74515,
74516,
74517,
74518,
74528,
74529,
74531,
74532,
74533,
74535,
74536,
74537,
74552,
74556,
74691,Pop
74692,Pop
74694,Pop
74695,Pop
74817,
74853,
74856,
74857,
74864,
74867,
74868,
74897,Electronic
74898,Electronic
74899,Electronic
74901,Electronic
74906,Electronic
74925,Rock
74937,Folk
74938,
75049,
75051,
75052,
75053,
75055,
75056,
75057,
75059,
75060,
75061,
75231,Rock
75232,Rock
75233,Rock
75234,Rock
75238,Rock
75244,Rock
75265,Rock
75267,Rock
75268,Rock
75269,Rock
75270,Rock
75271,Rock
75272,Rock
75273,Rock
75276,Rock
75372,Hip-Hop
75374,Hip-Hop
75376,Hip-Hop
75377,Hip-Hop
75378,Hip-Hop
75379,Hip-Hop
75381,Hip-Hop
75384,Hip-Hop
75385,Hip-Hop
75387,Hip-Hop
75389,Hip-Hop
75393,Hip-Hop
75394,Hip-Hop
75395,Hip-Hop
75396,Hip-Hop
75413,Hip-Hop
75414,Hip-Hop
75416,Hip-Hop
75417,Hip-Hop
75419,Hip-Hop
75422,Hip-Hop
75424,Hip-Hop
75429,Instrumental
75430,Instrumental
75431,Instrumental
75432,Instrumental
75433,Instrumental
75434,Instrumental
75435,Instrumental
75436,Instrumental
75437,Instrumental
75439,Instrumental
75440,Instrumental
75441,Instrumental
75443,Instrumental
75454,
75456,
75458,
75475,
75476,
75578,Folk
75579,Folk
75580,Folk
75581,Folk
75582,Folk
75583,Folk
75585,Folk
75586,Folk
75587,Folk
75588,Folk
75589,Folk
75626,Rock
75680,Rock
75681,Rock
75682,Rock
75683,Rock
75684,Rock
75685,Rock
75686,Rock
75692,Pop
75693,Pop
75746,Hip-Hop
75900,Rock
75901,Rock
75903,Rock
75904,Rock
75905,Rock
75906,Rock
75909,Rock
75910,Rock
75978,
76082,Electronic
76117,Rock
76128,Pop
76129,Pop
76130,Pop
76131,Pop
76236,
76239,
76240,
76241,
76243,
76244,
76247,
76248,
76252,
76281,
76282,
76283,
76284,
76285,
76286,
76287,
76288,
76349,Rock
76351,Rock
76352,Rock
76353,Rock
76354,Rock
76355,Rock
76356,Rock
76357,Rock
76478,Hip-Hop
76479,Hip-Hop
76482,Hip-Hop
76486,Hip-Hop
76490,Hip-Hop
76491,Hip-Hop
76497,Rock
76499,Rock
76500,Rock
76501,Rock
76504,Rock
76506,Rock
76509,Electronic
76511,Electronic
76513,Electronic
77233,
77234,
77235,
77236,
77304,
77308,
77309,
77311,
77312,
77315,
77316,
77317,
77374,
77375,
77376,
77377,
77378,
77379,
77380,
77382,Soul-RnB
77385,Soul-RnB
77386,Soul-RnB
77548,
77549,
77550,
77564,Pop
77566,
77573,Country
77577,
77825,
77826,
77831,
77832,
77833,
78067,Rock
78096,Instrumental
78099,Instrumental
78100,Instrumental
78101,Instrumental
78102,Instrumental
78104,Instrumental
78207,
78244,
78249,
78252,
78834,Hip-Hop
78835,Hip-Hop
78836,Hip-Hop
78839,Hip-Hop
78840,Hip-Hop
78843,Hip-Hop
78845,Hip-Hop
78847,Hip-Hop
78848,Hip-Hop
78852,Hip-Hop
79339,
79340,
79344,
79363,Folk
79364,Folk
79365,Folk
79366,Folk
79367,Folk
79368,Folk
79369,Folk
79372,Folk
79604,Electronic
79731,Pop
79733,Pop
79734,Pop
79736,Pop
79744,
79745,
79746,
79749,
79753,
79754,
79755,
79756,
79757,
79758,
79759,
79760,
79784,Electronic
79799,
79895,
80000,Folk
80001,Folk
80002,Folk
80005,Folk
80076,Electronic
80087,
80088,
80089,
80090,
80091,
80142,
80145,
80159,
80162,
80163,
80239,
80301,
80307,
80311,
80312,
80426,Electronic
80429,Electronic
80439,
80449,
80491,
80503,
80783,Rock
80786,Electronic
80793,Electronic
81238,
81241,
81243,
81244,
81246,
81248,
81252,
81355,
81356,
81357,
81364,Experimental
81368,
81370,
81382,
81450,
81451,
81452,
81454,
81455,
81461,
81462,
81463,
81465,
81466,
81468,Instrumental
81476,
81478,
81479,
81480,
81481,
81483,
81484,
81487,
81489,
81490,
81491,Instrumental
81492,
81493,
81495,
81497,
81498,
81499,
81501,
81504,
81506,
81507,
81508,
81509,
81510,
81511,
81514,
81516,
81517,
81519,
81520,
81523,Instrumental
81526,
81527,
81528,
81531,
81532,
81534,
81536,
81537,
81538,
81539,
81542,
81543,Instrumental
81544,
81546,
81547,
81551,
81552,
81553,
81555,Instrumental
81558,
81560,
81562,
81564,
81567,
81568,
81569,
81571,
81573,
81575,
81576,Instrumental
81578,
81580,
81581,
81582,
81583,
81584,
81586,Instrumental
81592,
81593,
81596,
81598,
81599,
81600,Instrumental
81601,
81603,
81605,
81606,
81608,
81609,
81611,
81612,Instrumental
81613,Instrumental
81614,
81619,
81620,
81625,
81626,
81629,
81632,
81633,
81634,
81635,
81636,
81638,Instrumental
81640,
81641,
81643,
81646,
81648,
81649,
81650,Instrumental
81651,
81652,
81653,
81655,
81656,
81657,
81658,
81661,
81664,
81665,
81671,Instrumental
81672,
81675,
81676,
81678,
81680,
81682,
81684,
81685,
81686,
81687,
81688,
81690,
81691,
81692,
81694,
81695,
81696,
81697,
81701,
81704,
81710,
81711,
81716,
81717,
81718,
81719,
81720,
81721,
81723,
81724,
81727,
81728,
81729,
81730,
81731,
81732,
81733,
81734,
81735,
81738,
81739,
81741,
81742,
81743,
81744,
81745,
81746,
81747,
81751,
81752,
81753,
81755,
81757,
81759,
81761,
81768,
81769,
81770,
81771,
81772,
81773,
81774,
81776,
81777,
81780,
81781,Instrumental
81782,Instrumental
81786,
81787,
81788,
81789,
81790,
81791,
81792,Instrumental
81793,
81799,
81801,
81802,Instrumental
81803,Instrumental
81804,
81805,
81806,
81807,
81810,
81811,
81812,
81813,Instrumental
81814,Instrumental
81815,
81817,
81819,
81821,Instrumental
81822,
81830,Electronic
81831,Electronic
81833,Electronic
81941,Folk
81979,
81980,
81981,
81982,
81983,
81985,
81987,
81988,Instrumental
81989,
81990,
81992,
81993,
81994,
81996,
81998,
82000,
82001,
82004,
82005,
82007,
82008,
82009,Instrumental
82010,
82011,
82012,
82054,Electronic
82065,Classical
82066,Classical
82067,Classical
82070,Classical
82499,Electronic
82503,
82507,Folk
82508,
82538,
82541,
82556,
82557,
82606,
82615,
82620,
82621,
82660,
82661,
82668,
82743,Instrumental
82858,
82859,
82860,Electronic
82861,Electronic
82862,Electronic
82865,Electronic
82866,Electronic
82868,Electronic
82869,Electronic
82871,Electronic
82914,Instrumental
82915,Instrumental
82916,Instrumental
82917,Instrumental
82918,Instrumental
82919,Instrumental
82920,Instrumental
82921,Instrumental
82929,Instrumental
82930,Instrumental
82933,
83143,
83151,
83152,
83153,
83156,
83157,
83159,
83237,
83238,
83241,
83247,
83252,
83254,
83256,
83257,
83258,
83260,
83261,
83262,
83263,
83265,
83266,
83267,
83268,
83269,
83270,
83271,
83272,
83273,
83275,
83276,
83277,
83279,
83319,
83320,
83321,
83322,
83330,
83331,
83338,
83340,
83346,Electronic
83349,Electronic
83351,Electronic
83451,Rock
83452,Rock
83454,Rock
83456,Rock
83459,Rock
83461,Rock
83462,Rock
83464,
83470,
83569,
83628,Rock
83634,Rock
83636,Rock
83638,Jazz
83640,Jazz
83641,Jazz
83642,Jazz
83643,Jazz
83644,Jazz
83645,Jazz
83646,Jazz
83647,Jazz
83659,
83662,
83663,
83669,
83670,
83705,Hip-Hop
83706,Hip-Hop
83707,Hip-Hop
83708,Hip-Hop
83710,Hip-Hop
83715,Hip-Hop
83717,Hip-Hop
83719,Hip-Hop
83724,
83727,
83728,
83729,
83730,
83733,
83735,
83736,
83748,
83749,
83813,Jazz
83822,Rock
83859,Rock
84021,
84051,
84112,
84113,
84119,
84121,
84122,
84123,
84125,
84127,
84128,
84131,
84134,
84170,Electronic
84171,Electronic
84172,Electronic
84173,Electronic
84196,Electronic
84263,Electronic
84276,
84289,Rock
84468,
84470,
84472,
84476,
84553,
84554,
84555,
84559,
84562,
84563,
84564,
84565,
84566,
84652,
84654,
84657,
84736,Instrumental
84741,
84742,Rock
84760,Rock
84763,
84767,Rock
84770,
84774,
84824,
84825,
84983,
84984,
84985,
84986,
84987,
84988,
84989,
84990,
84991,
84992,
85024,
85289,Electronic
85291,Electronic
85319,
85320,
85321,
85322,
85323,
85325,
85327,
85329,
85330,
85331,
85332,
85333,
85334,
85335,
85337,
85338,
85339,
85340,
85388,
85424,Pop
85476,
85477,
85479,
85480,
85481,
85482,Folk
85483,Folk
85484,Folk
85485,Folk
85486,Folk
85487,Folk
85488,Folk
85489,Folk
85490,Folk
85491,Folk
85492,Folk
85536,Rock
85537,Rock
85538,Rock
85592,Pop
85594,Pop
85595,Pop
85597,Pop
85599,Pop
85600,Pop
85602,Electronic
85697,Rock
85698,Rock
85757,
85767,
85768,
85771,
85777,
85787,Rock
85788,Rock
85789,Rock
85826,
85827,
85834,Electronic
85916,
85918,
85919,
85920,
85921,
85934,
85937,
85940,
85942,Rock
85966,Folk
86148,
86149,
86150,
86151,
86262,Rock
86264,
86265,
86266,
86268,
86269,
86270,
86271,
86272,
86273,
86274,
86278,
86281,
86283,
86284,
86285,
86420,Rock
86462,
86465,
86471,
86472,
86473,
86474,
86476,
86479,
86480,
86481,Instrumental
86482,Instrumental
86483,Instrumental
86484,Instrumental
86485,Instrumental
86486,Instrumental
86487,Instrumental
86561,Rock
86562,Rock
86566,Rock
86582,
86634,Pop
86678,Hip-Hop
86788,Rock
86795,Rock
86797,
86799,Rock
86901,Rock
86904,
86910,
86980,
87002,Rock
87019,Rock
87096,Instrumental
87098,Instrumental
87099,Instrumental
87100,Instrumental
87103,Instrumental
87107,Instrumental
87114,
87115,
87116,
87122,Rock
87123,Rock
87157,Electronic
87158,Electronic
87159,Electronic
87185,Pop
87186,Pop
87187,Pop
87188,Pop
87189,Pop
87190,Pop
87191,Pop
87192,Pop
87193,Pop
87194,Pop
87220,Electronic
87221,Electronic
87225,Electronic
87235,Electronic
87236,Electronic
87237,Electronic
87258,
87260,
87261,
87262,
87275,
87359,Rock
87361,Rock
87372,Electronic
87373,Electronic
87374,Electronic
87407,
87408,
87409,
87547,
87562,
87563,
87568,
87572,Electronic
87575,Electronic
87576,Electronic
87794,
87795,
87798,
87940,
87944,
88114,
88433,Pop
88434,Pop
88812,
88846,Folk
88848,Folk
88854,Folk
88856,Folk
88858,Folk
88860,Folk
88861,Folk
88864,Folk
88867,Folk
88868,Folk
88918,Rock
88925,Rock
88926,Rock
89028,
89029,
89032,
89034,
89035,
89188,Hip-Hop
89197,
89201,
89211,
89217,
89218,
89223,
89225,
89231,
89239,
89241,
89244,
89246,
89255,
89262,
89292,
89297,
89298,
89300,
89301,
89302,
89306,
89308,
89309,
89310,
89312,
89314,
89316,
89344,
89429,
89433,
89440,
89441,Folk
89477,Folk
89619,
89663,
89665,
89702,
89758,
89795,
89796,
89818,
89863,
89867,
89876,Rock
89887,
89888,
90047,
90048,
90068,
90070,
90406,Rock
90411,Rock
90444,
90451,
90504,
90523,
90524,
90530,Instrumental
90593,
90600,
90604,
90606,
90616,Instrumental
90618,Instrumental
90649,Rock
90690,Rock
90691,Rock
90692,Rock
90693,Rock
90744,
90746,
90750,
90755,
90787,
90807,Rock
90808,Rock
90809,Rock
90829,Pop
90831,Pop
90918,
90920,
90921,
90923,
90927,
90961,
90972,
90973,
90974,
90975,
91004,
91049,Rock
91062,Electronic
91082,Electronic
91083,Electronic
91089,Electronic
91099,Folk
91126,
91134,
91165,Folk
91168,Folk
91170,Folk
91171,Folk
91172,Folk
91175,Folk
91176,Folk
91205,Rock
91262,
91263,
91264,
91265,
91268,
91272,
91277,
91280,
91281,
91359,Rock
91368,
91370,
91371,
91373,
91374,
91375,
91380,
91381,
91382,
91383,
91384,
91386,
91388,
91389,
91390,
91391,
91393,
91394,
91395,
91398,
91436,Rock
91440,Rock
91457,Rock
91472,
91473,
91474,
91476,
91477,
91479,
91480,
91482,
91483,
91494,
91574,
91575,
91598,
91600,
91601,
91709,Rock
91711,Rock
91713,
91714,
91716,
91717,
91724,
91725,
91726,
91728,
91731,
91732,
91733,
91734,
91735,
91736,
91738,
91739,
91823,
91824,
91826,
91828,
91830,
91840,Rock
91844,Rock
91849,Rock
91850,Rock
91851,Rock
91886,Electronic
91891,Electronic
91965,Electronic
91968,Electronic
91969,Electronic
92023,
92025,
92026,
92027,
92028,
92031,
92032,
92033,
92150,
92151,
92152,
92153,
92154,
92155,
92156,
92157,
92158,
92159,
92160,
92161,
92162,
92176,
92177,
92178,
92179,
92180,
92181,
92182,
92183,
92184,
92185,
92187,
92325,Instrumental
92375,
92379,
92380,
92381,
92397,
92401,
92423,
92463,Electronic
92517,Rock
92596,
92597,
92598,
92719,
92720,
92721,
92722,
92723,
92725,
92726,
92727,
92728,
92759,
92761,
92762,
92765,
92824,
92867,Rock
92947,Instrumental
92949,Instrumental
92950,Instrumental
92952,Instrumental
92954,Instrumental
92955,Instrumental
93024,Rock
93032,Rock
93053,Rock
93055,Rock
93056,Rock
93057,Rock
93058,Rock
93074,Folk
93351,Electronic
93360,Electronic
93361,Electronic
93362,Electronic
93363,Electronic
93364,Electronic
93370,
93558,
93716,Folk
93798,
93801,
93807,
93810,
93811,
93815,
93818,
93821,
93822,
93823,
93824,
93825,
93860,Rock
93863,Rock
93867,Rock
93868,Rock
93930,Electronic
93932,Electronic
93934,Electronic
93936,Electronic
93937,Electronic
93950,Rock
93951,Rock
93952,Rock
93953,Rock
93959,Rock
93960,Rock
93986,Rock
94126,
94136,
94174,
94175,
94177,
94178,
94198,Electronic
94204,
94205,
94206,
94207,
94209,
94210,
94211,
94212,
94241,
94331,
94357,
94416,
94417,Electronic
94419,Rock
94424,
94433,
94434,
94436,
94437,
94438,
94439,
94441,
94442,
94444,
94564,
94619,
94625,
94652,
94720,
94721,
94723,
94724,
94788,Electronic
94789,Electronic
94790,Electronic
94793,Electronic
94794,Electronic
94795,Electronic
94799,Electronic
94802,Electronic
95407,Electronic
95409,Electronic
95503,
95507,Rock
95602,
95603,
95604,
95605,
95606,
95631,
95664,
95665,
95667,
95668,
95669,
95670,
95671,
95724,Instrumental
95726,Instrumental
95756,Experimental
95766,
95767,
95769,
95770,
95771,
95773,
95777,
95778,
95780,
95781,
95782,
95783,
95784,
95785,
95786,Experimental
95805,
95807,
95808,
95810,
95813,
95819,
95820,
95821,
95822,
95823,Experimental
95835,
95846,
95848,
95849,
95875,
95893,
95897,
95908,Hip-Hop
95911,Hip-Hop
95917,
96056,
96100,Electronic
96147,Rock
96431,
96432,
96435,
96790,
96792,
96795,
96796,
96797,
96944,Pop
96946,Pop
97000,
97001,
97007,
97013,
97034,
97036,
97039,
97043,Hip-Hop
97146,
97147,
97154,
97164,
97166,Electronic
97167,Electronic
97170,
97171,
97172,
97173,
97174,
97179,
97190,
97192,
97244,
97246,
97247,
97255,
97259,
97285,Instrumental
97288,Rock
97291,Rock
97292,Rock
97294,Rock
97400,Electronic
97401,Electronic
97402,Electronic
97404,Electronic
97408,
97409,
97412,
97414,
97520,
97522,
97524,
97525,
97526,
97532,Electronic
97534,Electronic
97574,
97578,
97589,Folk
97602,
97603,
97609,
97681,Electronic
97685,Electronic
97687,Electronic
97797,
97800,
97806,
97808,
97818,
97823,
97826,
97882,Electronic
97891,
97896,Rock
97958,Electronic
97959,Electronic
97960,Electronic
97961,Electronic
98077,Rock
98202,Electronic
98204,Electronic
98206,Electronic
98221,
98225,
98226,
98323,
98357,
98358,
98361,
98362,
98369,
98372,
98381,
98482,Electronic
98484,Electronic
98486,Electronic
98487,Electronic
98488,Electronic
98489,Electronic
98490,Electronic
98491,Electronic
98547,Hip-Hop
98548,Hip-Hop
98549,Hip-Hop
98551,Hip-Hop
98552,Hip-Hop
98553,Hip-Hop
98556,Hip-Hop
98567,Hip-Hop
98569,Hip-Hop
98603,
98604,
98605,
98606,
98608,
98609,
98610,
98611,
98612,
98613,Hip-Hop
98615,Hip-Hop
98616,Hip-Hop
98617,Hip-Hop
98618,Hip-Hop
98619,Hip-Hop
98620,Hip-Hop
98621,Hip-Hop
98622,Hip-Hop
98623,Hip-Hop
98624,Hip-Hop
98625,Hip-Hop
98626,Hip-Hop
98627,Hip-Hop
98702,Rock
98754,
98756,
98760,
98761,
98764,
98765,
98766,
98771,
98809,
98837,
98838,Electronic
98840,
98841,
98854,Electronic
98855,Electronic
98856,Electronic
98857,Electronic
98859,Electronic
98860,Electronic
98861,Electronic
98863,Electronic
98864,Electronic
98865,Electronic
98867,Electronic
98869,Electronic
98872,Electronic
98873,Electronic
98874,Electronic
98876,Electronic
98877,Electronic
98878,Electronic
98879,Electronic
98880,Electronic
98884,Electronic
98890,Electronic
98891,Electronic
98906,Electronic
98907,Electronic
98911,Electronic
98912,Electronic
98915,Electronic
98916,Electronic
98919,Electronic
98921,Electronic
98922,Electronic
98923,Electronic
98926,Electronic
98929,Electronic
98931,Electronic
98932,Electronic
98933,Electronic
98935,Electronic
98938,Electronic
98942,Electronic
98943,Electronic
98945,Electronic
98947,Electronic
98948,Electronic
98949,Electronic
98950,Electronic
98952,Electronic
98953,Electronic
98970,Electronic
98976,Electronic
98985,Electronic
98987,Electronic
98988,Electronic
98991,Electronic
98993,Electronic
98995,Electronic
98998,Electronic
99000,Electronic
99002,Electronic
99007,Electronic
99010,Electronic
99012,Electronic
99015,Electronic
99016,Electronic
99017,Electronic
99018,Electronic
99019,Electronic
99020,Electronic
99021,Electronic
99022,Electronic
99023,Electronic
99024,Electronic
99026,Electronic
99027,Electronic
99028,Electronic
99030,Electronic
99031,Electronic
99032,Electronic
99033,Electronic
99034,Electronic
99035,Electronic
99036,Electronic
99039,Electronic
99040,Electronic
99041,Electronic
99049,
99050,
99051,
99052,
99053,
99055,
99279,
99281,
99283,
99284,
99286,
99288,
99300,Electronic
99302,Electronic
99305,Electronic
99309,Electronic
99311,Electronic
99312,Electronic
99486,Electronic
99488,Electronic
99489,Electronic
99491,Electronic
99492,Electronic
99494,Electronic
99519,
99520,
99521,
99522,
99524,
99565,
99566,
99567,
99569,
99570,
99614,
99615,
99616,
99617,
99620,
100523,Electronic
100524,Electronic
100527,Electronic
100529,Electronic
100530,Electronic
100539,
100696,
100697,
100698,
100701,
100704,
100709,
100711,
100715,
100717,
100719,
100768,
100769,
100770,
100771,
100774,
100775,
100776,
100778,
100779,
100783,
100784,
100786,
100787,
100788,
100790,
100791,
100835,Electronic
100843,Instrumental
100844,Instrumental
100848,Instrumental
100853,Instrumental
100856,Instrumental
100857,Instrumental
100860,
100862,
100863,
100865,
100866,
100868,Instrumental
100876,
100882,Instrumental
101078,Rock
101265,
101266,
101269,
101271,
101272,
101275,
101276,
101277,
101278,
101394,
101442,
101443,
101451,
101479,
101483,
101505,
101507,
101615,
101618,
101715,
101731,
101733,
101734,
101738,
101740,
101743,
102115,
102116,
102117,
102118,
102119,
102153,Electronic
102154,Electronic
102157,Electronic
102158,Electronic
102159,Electronic
102160,Electronic
102163,Electronic
102165,Electronic
102167,Electronic
102168,Electronic
102170,Electronic
102172,Electronic
102177,
102184,Rock
102204,Electronic
102210,Electronic
102265,
102266,
102268,
102270,
102271,
102273,
102274,
102275,
102278,
102305,
102342,
102343,
102345,
102353,
103518,Instrumental
103519,Instrumental
103520,Instrumental
103522,Instrumental
103555,
103556,
103557,
103561,
103595,Folk
103596,Folk
103597,Folk
103598,Folk
103602,
103605,
103621,
103624,
103739,
103818,
103819,
103820,
103821,
103828,Experimental
103829,Experimental
103830,Experimental
103831,Experimental
104146,
104181,
104182,
104183,
104184,
104185,
104187,
104249,
104252,
104253,
104282,Electronic
104284,Electronic
104286,
104287,
104289,
104290,
104293,
104294,
104295,
104352,Folk
104384,
104385,
104386,
104392,
104579,
104580,
104585,
104586,
104591,
104592,
104593,
104594,
104596,
104598,
104600,
104648,
104680,
104683,
104690,Rock
104737,
104738,
104740,
104750,
104753,
104763,
104764,
104817,
104818,
104819,
104823,
104825,
104930,
104931,
105010,
105011,
105012,
105014,
105015,
105016,
105017,
105018,
105019,
105028,
105030,
105050,
105051,
105052,
105053,
105054,
105055,
105059,
105060,
105081,Rock
105256,
105275,
105292,
105365,
105366,
105367,
105368,
105369,
105372,
105373,
105374,
105375,
105377,
105379,
105380,
105381,
105382,
105383,
105385,
105536,
105538,
105539,
105540,
105541,
105543,
105544,
105559,
105560,
105663,Electronic
105664,Electronic
105666,Electronic
105667,Electronic
105668,Electronic
105674,Electronic
105699,Electronic
105703,Electronic
105757,
105758,
105860,
105976,Rock
106181,
106190,
106194,
106242,
106243,
106244,
106245,
106246,
106247,
106248,
106249,
106250,
106251,
106254,
106255,
106256,
106303,
106336,Electronic
106385,
106387,
106391,
106392,
106393,
106418,
106419,
106423,
106424,
106426,
106433,
106436,
106441,
106495,
106496,
106514,
106518,
106576,
106577,
106578,
106580,
106581,
106582,
106583,
106584,
106603,
106607,Electronic
106609,Electronic
106633,Electronic
106637,Electronic
106639,Electronic
106667,
106703,
106716,
106857,
106878,Electronic
106880,Electronic
106881,Electronic
106899,
106905,
106907,
106909,
106910,
106927,Rock
106971,Electronic
107033,
107034,
107036,
107037,
107038,
107039,
107040,
107041,
107042,Electronic
107043,Electronic
107101,Rock
107102,Rock
107103,Rock
107104,Rock
107105,Rock
107170,
107171,
107172,
107173,
107174,
107175,
107219,
107222,
107259,
107261,
107265,
107342,
107344,
107345,
107346,
107347,
107348,
107350,
107351,
107352,
107353,
107354,
107367,
107373,
107376,
107383,
107403,
107404,
107424,
107473,Rock
107475,Rock
107477,Rock
107480,Electronic
107481,Electronic
107482,Electronic
107483,Electronic
107499,Rock
107502,Rock
107503,Rock
107504,Rock
107505,Rock
107506,Rock
107507,Rock
107515,
107516,
107517,
107519,
107520,
107521,
107522,
107523,
107524,
107525,
107526,
107527,
107529,
107613,Electronic
107614,Electronic
107616,Electronic
107617,Electronic
107764,
107802,Hip-Hop
107803,
107807,
107852,Folk
107853,Experimental
107854,Experimental
107856,Experimental
107872,
107874,
107877,
107878,
107881,
107883,
107884,
107885,
107891,
107892,
107896,
107898,
107914,
107915,
107917,
107918,
107920,
107921,
107922,
107923,
107930,
107935,
107936,
107937,
107939,
107941,
107943,
107945,
107946,
107949,International
107950,International
107951,International
107952,International
107953,International
107954,International
107955,International
107956,International
107957,International
107985,
107986,
107987,
107988,
107989,
107991,
107992,
107993,
107994,
107995,
107996,
107997,
108002,
108004,
108006,
108009,
108010,
108011,
108013,Folk
108019,Instrumental
108020,Instrumental
108021,Instrumental
108024,Instrumental
108025,Instrumental
108029,Rock
108030,Rock
108031,Rock
108032,Rock
108034,Rock
108035,Rock
108046,
108149,Rock
108150,Rock
108151,Rock
108152,Rock
108153,Rock
108154,Rock
108155,Rock
108156,
108157,
108158,
108159,
108160,
108161,
108162,
108163,
108164,
108165,
108166,
108167,
108267,
108268,
108269,
108270,
108272,
108279,
108280,
108281,
108282,
108291,Rock
108294,Rock
108295,Rock
108297,Rock
108328,
108337,
108339,Electronic
108367,
108369,
108370,
108371,
108373,
108374,
108375,
108376,
108391,
108393,
108394,
108395,
108396,
108397,
108398,
108399,
108400,
108401,
108402,
108403,
108404,
108456,Pop
108457,Pop
108458,Pop
108461,Pop
108466,
108469,
108470,
108471,Instrumental
108472,Instrumental
108473,Instrumental
108475,Instrumental
108476,Instrumental
108477,Instrumental
108479,
108480,
108482,
108483,
108484,
108505,Rock
108845,Hip-Hop
108938,Electronic
108939,Electronic
108941,Electronic
108951,Electronic
108953,Rock
108954,Rock
108956,Rock
108957,Rock
108958,Rock
108959,Rock
108961,Rock
108962,Rock
109006,
109007,
109022,
109023,
109026,
109027,
109028,
109029,
109030,
109031,
109032,
109033,
109034,
109035,
109092,Electronic
109095,Electronic
109098,Electronic
109101,Electronic
109102,Electronic
109104,Electronic
109114,
109116,
109118,
109119,
109123,
109124,
109125,
109127,
109128,
109152,
109193,
109195,
109196,
109200,
109207,
109240,Rock
109252,
109277,Electronic
109286,
109293,
109296,
109313,
109349,Rock
109441,Rock
109472,Rock
109501,Rock
109514,
109515,
109516,
109517,
109518,
109520,
109521,
109522,
109523,
109634,
109635,
109671,
109673,
109674,
109688,
109690,
109691,
109717,
109897,Folk
109926,
109927,
109929,
109930,
109932,
109933,
109934,
109956,
110544,Rock
110943,Rock
110980,Rock
110981,Rock
110982,Rock
110983,Rock
111208,Rock
111211,Rock
111213,Rock
111269,
111270,
111271,
111272,
111273,
111274,
111275,
111276,
111277,
111278,
111279,
111667,Rock
111902,Rock
111904,Rock
111905,Rock
111906,Rock
111907,Rock
111908,Rock
111909,Rock
111910,Rock
111911,Rock
112313,Rock
112314,Rock
112315,Rock
112316,Rock
112318,Rock
112352,
112353,
112355,
112357,
112358,
112359,
112361,
112362,
112363,
112364,
112369,Electronic
112535,
112559,
112560,
112562,
112563,
112564,
112565,
112566,
112567,
113298,Rock
113326,Electronic
113327,Electronic
113955,
114198,Rock
114200,Rock
114201,Rock
114312,
114322,
114861,
115356,Electronic
115357,Electronic
115358,Electronic
115359,Electronic
115361,Electronic
115362,Electronic
115363,Electronic
115364,Electronic
115366,Electronic
115367,Electronic
115368,Electronic
115369,Electronic
115370,Electronic
115371,Electronic
115372,Electronic
115373,Electronic
115375,Electronic
115376,Electronic
115377,Electronic
115378,Electronic
115379,Electronic
115380,Electronic
115381,Electronic
115382,Electronic
115383,Electronic
115384,Electronic
115385,Electronic
115386,Electronic
115387,Electronic
115388,Electronic
115389,Electronic
115391,Electronic
115392,Electronic
115663,
115664,
115665,
115666,
115667,
115668,
115669,
115670,
115671,
115672,
115673,
115674,
115675,
115676,
115677,
115678,
115679,
115680,
115681,
116456,Folk
116549,Instrumental
116563,Electronic
116565,Electronic
116570,Electronic
116571,Electronic
116574,Electronic
116575,Electronic
116577,Electronic
117517,
117519,
117881,Rock
118591,
118592,
118593,
118594,
118595,
118598,
118599,
119049,Electronic
119050,Electronic
119232,
119233,
119234,
119237,
119238,
119239,
119241,
119242,
119243,
119244,
120424,
120425,
120426,
120427,
120428,
120429,
120430,
120431,
121207,Electronic
121208,Electronic
121209,Electronic
121213,Electronic
121216,Electronic
121256,Rock
122041,Electronic
122047,Electronic
122048,Electronic
122049,Electronic
122050,Electronic
122464,Rock
122465,Rock
122466,Rock
122467,Rock
122468,Rock
122470,Rock
122471,Rock
122472,Rock
122625,Instrumental
122628,Instrumental
122631,Instrumental
122635,Instrumental
122713,Old-Time / Historic
122765,
122767,
122883,Old-Time / Historic
122999,Electronic
123000,Electronic
123431,Rock
123470,Rock
123563,Rock
123739,
123741,
123742,
123743,
123823,Rock
123903,
123943,
123944,
123945,
123946,
123947,
123951,
123952,
123954,
123955,
123958,
123960,
123961,
123962,
123963,
124137,
124184,Rock
124185,Rock
124186,Rock
124523,
124525,
124526,
124527,
124528,
124530,
124710,Hip-Hop
124765,
124856,
124864,
124911,
