00.wav	D major	ryansMammoth/BosonRattlersReel.abc	40
01.wav	G major	essenFolksong/zuccal0.abc	21
02.wav	D major	ryansMammoth/MyLoveIsLikeTheRedRedRoseStrathspey.abc	24
03.wav	A major	oneills1850/0401-0486.abc	0
04.wav	E minor	ryansMammoth/UnfortunateRakeJig.abc	73
05.wav	E major	ryansMammoth/CopenhagenHornpipe.abc	46
06.wav	F major	essenFolksong/boehme10.abc	25
07.wav	E minor	ryansMammoth/DublinBoysJig.abc	71
08.wav	A major	ryansMammoth/MasonsCapReel.abc	40
09.wav	A minor	ryansMammoth/GreenSleevesJig.abc	21
10.wav	G major	ryansMammoth/KittyClydesReel.abc	24
11.wav	F major	ryansMammoth/HenriettaHornpipe.abc	0
12.wav	C major	ryansMammoth/WhatTheDeilAilsYouStrathspey.abc	73
13.wav	Bb major	ryansMammoth/SmithsHornpipe.abc	46
14.wav	F# minor	ryansMammoth/FletchersDelightReel.abc	25
15.wav	D minor	ryansMammoth/MoneyInAdvanceClog.abc	71
16.wav	Bb major	ryansMammoth/MazeppaHornpipe.abc	40
17.wav	E major	essenFolksong/teste.abc	21
18.wav	C major	ryansMammoth/DanishHornpipe.abc	24
19.wav	A minor	ryansMammoth/42dHighlandRegimentStrathspey.abc	0
20.wav	G minor	oneills1850/1176-1275.abc	73
21.wav	B minor	ryansMammoth/CameronianReel.abc	46
22.wav	G minor	ryansMammoth/MollRoesJig.abc	25
23.wav	Eb major	ryansMammoth/BuckleysHornpipe.abc	71
24.wav	D minor	ryansMammoth/TripToGalwayJig.abc	40
25.wav	B minor	ryansMammoth/LordGordonsReel.abc	21
26.wav	F# minor	ryansMammoth/NeathTheMoonlightReel.abc	24
27.wav	Eb major	ryansMammoth/SouvenirDeVeniceHornpipe.abc	0
28.wav	C minor	ryansMammoth/DickCarrolsClog.abc	73
