genres/blues/blues.00000.wav,G minor
genres/blues/blues.00001.wav,E minor
genres/blues/blues.00002.wav,E minor
genres/blues/blues.00003.wav,E minor
genres/blues/blues.00004.wav,Bb minor
genres/blues/blues.00005.wav,F# minor
genres/blues/blues.00006.wav,F minor
genres/blues/blues.00007.wav,Bb minor
genres/blues/blues.00008.wav,E minor
genres/blues/blues.00009.wav,G minor
genres/blues/blues.00010.wav,F minor
genres/blues/blues.00011.wav,E minor
genres/blues/blues.00012.wav,B minor
genres/blues/blues.00013.wav,Bb minor
genres/blues/blues.00014.wav,Bb minor
genres/blues/blues.00015.wav,Bb minor
genres/blues/blues.00016.wav,A minor
genres/blues/blues.00017.wav,A minor
genres/blues/blues.00018.wav,Bb minor
genres/blues/blues.00019.wav,A minor
genres/blues/blues.00020.wav,E minor
genres/blues/blues.00021.wav,F minor
genres/blues/blues.00022.wav,F minor
genres/blues/blues.00023.wav,A minor
genres/blues/blues.00024.wav,Bb minor
genres/blues/blues.00025.wav,Bb minor
genres/blues/blues.00026.wav,Bb minor
genres/blues/blues.00027.wav,Bb minor
genres/blues/blues.00028.wav,Bb minor
genres/blues/blues.00029.wav,D minor
genres/blues/blues.00030.wav,C minor
genres/blues/blues.00031.wav,D minor
genres/blues/blues.00032.wav,C minor
genres/blues/blues.00033.wav,F minor
genres/blues/blues.00034.wav,D minor
genres/blues/blues.00035.wav,Bb major
genres/blues/blues.00036.wav,F minor
genres/blues/blues.00037.wav,F minor
genres/blues/blues.00038.wav,D minor
genres/blues/blues.00039.wav,F minor
genres/blues/blues.00040.wav,Ab major
genres/blues/blues.00041.wav,E minor
genres/blues/blues.00042.wav,G minor
genres/blues/blues.00043.wav,B minor
genres/blues/blues.00044.wav,Eb minor
genres/blues/blues.00045.wav,Eb minor
genres/blues/blues.00046.wav,Eb minor
genres/blues/blues.00047.wav,Db minor
genres/blues/blues.00048.wav,Eb minor
genres/blues/blues.00049.wav,Eb minor
genres/blues/blues.00050.wav,B minor
genres/blues/blues.00051.wav,E minor
genres/blues/blues.00052.wav,G minor
genres/blues/blues.00053.wav,Ab minor
genres/blues/blues.00054.wav,A minor
genres/blues/blues.00055.wav,G minor
genres/blues/blues.00056.wav,E minor
genres/blues/blues.00057.wav,B minor
genres/blues/blues.00058.wav,G minor
genres/blues/blues.00059.wav,G minor
genres/blues/blues.00060.wav,A minor
genres/blues/blues.00061.wav,G minor
genres/blues/blues.00062.wav,G minor
genres/blues/blues.00063.wav,F minor
genres/blues/blues.00064.wav,F minor
genres/blues/blues.00065.wav,C minor
genres/blues/blues.00066.wav,G minor
genres/blues/blues.00067.wav,G minor
genres/blues/blues.00068.wav,F major
genres/blues/blues.00069.wav,G minor
genres/blues/blues.00070.wav,F minor
genres/blues/blues.00071.wav,F minor
genres/blues/blues.00072.wav,F minor
genres/blues/blues.00073.wav,Eb minor
genres/blues/blues.00074.wav,Eb minor
genres/blues/blues.00075.wav,C minor
genres/blues/blues.00076.wav,Bb minor
genres/blues/blues.00077.wav,F minor
genres/blues/blues.00078.wav,Eb minor
genres/blues/blues.00079.wav,Eb minor
genres/blues/blues.00080.wav,C minor
genres/blues/blues.00081.wav,G minor
genres/blues/blues.00082.wav,A minor
genres/blues/blues.00083.wav,Bb minor
genres/blues/blues.00084.wav,Eb minor
genres/blues/blues.00085.wav,G minor
genres/blues/blues.00086.wav,G minor
genres/blues/blues.00087.wav,F# minor
genres/blues/blues.00089.wav,A minor
genres/blues/blues.00090.wav,E minor
genres/blues/blues.00091.wav,E minor
genres/blues/blues.00093.wav,E minor
genres/blues/blues.00094.wav,A minor
genres/blues/blues.00095.wav,E minor
genres/blues/blues.00096.wav,E minor
genres/blues/blues.00097.wav,A minor
genres/blues/blues.00098.wav,C minor
genres/blues/blues.00099.wav,C minor
genres/country/country.00000.wav,A major
genres/country/country.00001.wav,B major
genres/country/country.00002.wav,A major
genres/country/country.00003.wav,G major
genres/country/country.00004.wav,E major
genres/country/country.00005.wav,G major
genres/country/country.00006.wav,Bb major
genres/country/country.00007.wav,Ab major
genres/country/country.00008.wav,E major
genres/country/country.00009.wav,G minor
genres/country/country.00010.wav,C major
genres/country/country.00011.wav,G major
genres/country/country.00012.wav,C major
genres/country/country.00013.wav,A major
genres/country/country.00014.wav,A major
genres/country/country.00015.wav,Ab major
genres/country/country.00016.wav,F major
genres/country/country.00017.wav,D major
genres/country/country.00018.wav,F major
genres/country/country.00019.wav,C major
genres/country/country.00020.wav,Bb major
genres/country/country.00021.wav,F major
genres/country/country.00022.wav,B major
genres/country/country.00023.wav,F major
genres/country/country.00024.wav,C major
genres/country/country.00026.wav,G major
genres/country/country.00027.wav,A major
genres/country/country.00028.wav,D major
genres/country/country.00029.wav,Db major
genres/country/country.00030.wav,D major
genres/country/country.00031.wav,F major
genres/country/country.00032.wav,E major
genres/country/country.00033.wav,E major
genres/country/country.00034.wav,D major
genres/country/country.00035.wav,F major
genres/country/country.00036.wav,Db major
genres/country/country.00037.wav,Db major
genres/country/country.00038.wav,C major
genres/country/country.00039.wav,A major
genres/country/country.00040.wav,G major
genres/country/country.00041.wav,A minor
genres/country/country.00042.wav,A minor
genres/country/country.00043.wav,D major
genres/country/country.00044.wav,E major
genres/country/country.00045.wav,Ab major
genres/country/country.00046.wav,D major
genres/country/country.00047.wav,C major
genres/country/country.00048.wav,Bb major
genres/country/country.00049.wav,G major
genres/country/country.00050.wav,C major
genres/country/country.00051.wav,E major
genres/country/country.00052.wav,F major
genres/country/country.00053.wav,A minor
genres/country/country.00054.wav,Eb major
genres/country/country.00055.wav,E major
genres/country/country.00056.wav,F major
genres/country/country.00057.wav,Db major
genres/country/country.00058.wav,Eb major
genres/country/country.00059.wav,Eb major
genres/country/country.00060.wav,F major
genres/country/country.00061.wav,D major
genres/country/country.00062.wav,D major
genres/country/country.00063.wav,B minor
genres/country/country.00064.wav,F major
genres/country/country.00065.wav,E major
genres/country/country.00066.wav,D major
genres/country/country.00067.wav,Db major
genres/country/country.00068.wav,D major
genres/country/country.00069.wav,D major
genres/country/country.00070.wav,E major
genres/country/country.00071.wav,D major
genres/country/country.00072.wav,D major
genres/country/country.00073.wav,E major
genres/country/country.00074.wav,G major
genres/country/country.00075.wav,A major
genres/country/country.00076.wav,D major
genres/country/country.00077.wav,F major
genres/country/country.00078.wav,A major
genres/country/country.00079.wav,C major
genres/country/country.00080.wav,G major
genres/country/country.00081.wav,A major
genres/country/country.00082.wav,C major
genres/country/country.00083.wav,E major
genres/country/country.00084.wav,G major
genres/country/country.00085.wav,A major
genres/country/country.00086.wav,Bb major
genres/country/country.00087.wav,G major
genres/country/country.00088.wav,E major
genres/country/country.00089.wav,A major
genres/country/country.00090.wav,E major
genres/country/country.00091.wav,Eb major
genres/country/country.00092.wav,G major
genres/country/country.00093.wav,G major
genres/country/country.00094.wav,C major
genres/country/country.00095.wav,Bb major
genres/country/country.00096.wav,G major
genres/country/country.00097.wav,F major
genres/country/country.00098.wav,C major
genres/country/country.00099.wav,B major
genres/disco/disco.00000.wav,A minor
genres/disco/disco.00001.wav,A minor
genres/disco/disco.00002.wav,F major
genres/disco/disco.00003.wav,C minor
genres/disco/disco.00004.wav,E major
genres/disco/disco.00005.wav,C minor
genres/disco/disco.00006.wav,Db minor
genres/disco/disco.00007.wav,A major
genres/disco/disco.00008.wav,A minor
genres/disco/disco.00009.wav,C minor
genres/disco/disco.00010.wav,Bb minor
genres/disco/disco.00011.wav,A minor
genres/disco/disco.00012.wav,C major
genres/disco/disco.00013.wav,E minor
genres/disco/disco.00014.wav,F minor
genres/disco/disco.00015.wav,E minor
genres/disco/disco.00016.wav,A major
genres/disco/disco.00017.wav,C minor
genres/disco/disco.00018.wav,Db minor
genres/disco/disco.00019.wav,Bb major
genres/disco/disco.00020.wav,B major
genres/disco/disco.00021.wav,C major
genres/disco/disco.00022.wav,B minor
genres/disco/disco.00023.wav,C minor
genres/disco/disco.00024.wav,F# major
genres/disco/disco.00025.wav,F minor
genres/disco/disco.00026.wav,F major
genres/disco/disco.00027.wav,A major
genres/disco/disco.00028.wav,G minor
genres/disco/disco.00029.wav,E minor
genres/disco/disco.00030.wav,G major
genres/disco/disco.00031.wav,D major
genres/disco/disco.00032.wav,D minor
genres/disco/disco.00033.wav,F major
genres/disco/disco.00034.wav,D major
genres/disco/disco.00035.wav,Eb minor
genres/disco/disco.00036.wav,F major
genres/disco/disco.00037.wav,F# major
genres/disco/disco.00038.wav,F major
genres/disco/disco.00039.wav,G major
genres/disco/disco.00040.wav,G minor
genres/disco/disco.00041.wav,D major
genres/disco/disco.00042.wav,G major
genres/disco/disco.00043.wav,C major
genres/disco/disco.00044.wav,Ab major
genres/disco/disco.00045.wav,Bb major
genres/disco/disco.00046.wav,G minor
genres/disco/disco.00047.wav,A minor
genres/disco/disco.00048.wav,D major
genres/disco/disco.00049.wav,B major
genres/disco/disco.00050.wav,C minor
genres/disco/disco.00051.wav,C minor
genres/disco/disco.00052.wav,G minor
genres/disco/disco.00053.wav,Ab minor
genres/disco/disco.00054.wav,A minor
genres/disco/disco.00055.wav,C major
genres/disco/disco.00056.wav,E minor
genres/disco/disco.00057.wav,Ab major
genres/disco/disco.00058.wav,D minor
genres/disco/disco.00059.wav,B minor
genres/disco/disco.00060.wav,F major
genres/disco/disco.00061.wav,C minor
genres/disco/disco.00062.wav,C minor
genres/disco/disco.00063.wav,D minor
genres/disco/disco.00064.wav,C major
genres/disco/disco.00065.wav,B minor
genres/disco/disco.00066.wav,A minor
genres/disco/disco.00067.wav,A major
genres/disco/disco.00068.wav,B major
genres/disco/disco.00069.wav,B minor
genres/disco/disco.00070.wav,C minor
genres/disco/disco.00071.wav,F minor
genres/disco/disco.00072.wav,D major
genres/disco/disco.00073.wav,G minor
genres/disco/disco.00074.wav,F minor
genres/disco/disco.00075.wav,F major
genres/disco/disco.00077.wav,C major
genres/disco/disco.00078.wav,F major
genres/disco/disco.00079.wav,Bb minor
genres/disco/disco.00080.wav,Bb minor
genres/disco/disco.00081.wav,A minor
genres/disco/disco.00082.wav,F minor
genres/disco/disco.00083.wav,E minor
genres/disco/disco.00084.wav,F minor
genres/disco/disco.00085.wav,E minor
genres/disco/disco.00086.wav,C major
genres/disco/disco.00088.wav,C major
genres/disco/disco.00089.wav,F major
genres/disco/disco.00090.wav,G major
genres/disco/disco.00091.wav,C minor
genres/disco/disco.00092.wav,E major
genres/disco/disco.00093.wav,F major
genres/disco/disco.00094.wav,C minor
genres/disco/disco.00095.wav,D minor
genres/disco/disco.00096.wav,G major
genres/disco/disco.00097.wav,Bb minor
genres/disco/disco.00098.wav,B minor
genres/disco/disco.00099.wav,B minor
genres/hiphop/hiphop.00000.wav,E minor
genres/hiphop/hiphop.00001.wav,D minor
genres/hiphop/hiphop.00002.wav,Bb major
genres/hiphop/hiphop.00003.wav,A minor
genres/hiphop/hiphop.00004.wav,A minor
genres/hiphop/hiphop.00006.wav,Ab minor
genres/hiphop/hiphop.00007.wav,A minor
genres/hiphop/hiphop.00008.wav,B minor
genres/hiphop/hiphop.00009.wav,E minor
genres/hiphop/hiphop.00010.wav,Db minor
genres/hiphop/hiphop.00011.wav,G minor
genres/hiphop/hiphop.00012.wav,Eb minor
genres/hiphop/hiphop.00013.wav,E minor
genres/hiphop/hiphop.00014.wav,Ab minor
genres/hiphop/hiphop.00016.wav,D minor
genres/hiphop/hiphop.00017.wav,D minor
genres/hiphop/hiphop.00019.wav,E minor
genres/hiphop/hiphop.00020.wav,Eb minor
genres/hiphop/hiphop.00022.wav,F minor
genres/hiphop/hiphop.00023.wav,F# minor
genres/hiphop/hiphop.00025.wav,E minor
genres/hiphop/hiphop.00026.wav,B minor
genres/hiphop/hiphop.00027.wav,B minor
genres/hiphop/hiphop.00028.wav,C minor
genres/hiphop/hiphop.00029.wav,Db minor
genres/hiphop/hiphop.00030.wav,F minor
genres/hiphop/hiphop.00031.wav,D minor
genres/hiphop/hiphop.00032.wav,F minor
genres/hiphop/hiphop.00033.wav,Eb minor
genres/hiphop/hiphop.00035.wav,Bb minor
genres/hiphop/hiphop.00036.wav,Eb minor
genres/hiphop/hiphop.00037.wav,C minor
genres/hiphop/hiphop.00038.wav,G minor
genres/hiphop/hiphop.00039.wav,C minor
genres/hiphop/hiphop.00040.wav,F# major
genres/hiphop/hiphop.00041.wav,Db minor
genres/hiphop/hiphop.00042.wav,D minor
genres/hiphop/hiphop.00043.wav,A major
genres/hiphop/hiphop.00044.wav,G major
genres/hiphop/hiphop.00045.wav,C minor
genres/hiphop/hiphop.00046.wav,B minor
genres/hiphop/hiphop.00047.wav,D minor
genres/hiphop/hiphop.00048.wav,C major
genres/hiphop/hiphop.00049.wav,A major
genres/hiphop/hiphop.00050.wav,Eb major
genres/hiphop/hiphop.00051.wav,A minor
genres/hiphop/hiphop.00052.wav,Bb major
genres/hiphop/hiphop.00053.wav,Bb minor
genres/hiphop/hiphop.00055.wav,Eb minor
genres/hiphop/hiphop.00059.wav,E major
genres/hiphop/hiphop.00060.wav,B major
genres/hiphop/hiphop.00062.wav,E minor
genres/hiphop/hiphop.00064.wav,Bb minor
genres/hiphop/hiphop.00065.wav,B minor
genres/hiphop/hiphop.00066.wav,Bb minor
genres/hiphop/hiphop.00067.wav,A minor
genres/hiphop/hiphop.00068.wav,C major
genres/hiphop/hiphop.00069.wav,A minor
genres/hiphop/hiphop.00070.wav,Bb major
genres/hiphop/hiphop.00073.wav,B minor
genres/hiphop/hiphop.00074.wav,D minor
genres/hiphop/hiphop.00076.wav,B minor
genres/hiphop/hiphop.00077.wav,Eb major
genres/hiphop/hiphop.00078.wav,B minor
genres/hiphop/hiphop.00079.wav,Eb minor
genres/hiphop/hiphop.00080.wav,Ab minor
genres/hiphop/hiphop.00081.wav,C minor
genres/hiphop/hiphop.00082.wav,Bb minor
genres/hiphop/hiphop.00083.wav,B minor
genres/hiphop/hiphop.00086.wav,C minor
genres/hiphop/hiphop.00087.wav,C minor
genres/hiphop/hiphop.00089.wav,C minor
genres/hiphop/hiphop.00090.wav,F minor
genres/hiphop/hiphop.00091.wav,A minor
genres/hiphop/hiphop.00092.wav,A minor
genres/hiphop/hiphop.00093.wav,E minor
genres/hiphop/hiphop.00094.wav,G minor
genres/hiphop/hiphop.00096.wav,E minor
genres/hiphop/hiphop.00097.wav,Eb minor
genres/hiphop/hiphop.00098.wav,D minor
genres/hiphop/hiphop.00099.wav,G minor
genres/jazz/jazz.00001.wav,F major
genres/jazz/jazz.00002.wav,Eb minor
genres/jazz/jazz.00003.wav,B minor
genres/jazz/jazz.00004.wav,D minor
genres/jazz/jazz.00005.wav,Ab major
genres/jazz/jazz.00006.wav,B major
genres/jazz/jazz.00007.wav,Bb minor
genres/jazz/jazz.00008.wav,Eb major
genres/jazz/jazz.00010.wav,G minor
genres/jazz/jazz.00011.wav,C minor
genres/jazz/jazz.00012.wav,F minor
genres/jazz/jazz.00013.wav,F major
genres/jazz/jazz.00014.wav,C major
genres/jazz/jazz.00015.wav,F major
genres/jazz/jazz.00017.wav,Eb major
genres/jazz/jazz.00018.wav,G minor
genres/jazz/jazz.00020.wav,A major
genres/jazz/jazz.00022.wav,Eb major
genres/jazz/jazz.00023.wav,Db minor
genres/jazz/jazz.00024.wav,G minor
genres/jazz/jazz.00025.wav,F# minor
genres/jazz/jazz.00026.wav,D minor
genres/jazz/jazz.00030.wav,D minor
genres/jazz/jazz.00032.wav,B minor
genres/jazz/jazz.00033.wav,Db major
genres/jazz/jazz.00034.wav,Ab major
genres/jazz/jazz.00035.wav,F major
genres/jazz/jazz.00036.wav,Bb major
genres/jazz/jazz.00037.wav,Db major
genres/jazz/jazz.00038.wav,F minor
genres/jazz/jazz.00039.wav,Ab major
genres/jazz/jazz.00040.wav,Ab major
genres/jazz/jazz.00041.wav,Eb major
genres/jazz/jazz.00042.wav,Bb major
genres/jazz/jazz.00043.wav,C major
genres/jazz/jazz.00045.wav,C major
genres/jazz/jazz.00046.wav,Eb major
genres/jazz/jazz.00049.wav,F major
genres/jazz/jazz.00050.wav,G minor
genres/jazz/jazz.00052.wav,C major
genres/jazz/jazz.00053.wav,Ab major
genres/jazz/jazz.00055.wav,F major
genres/jazz/jazz.00057.wav,Ab major
genres/jazz/jazz.00058.wav,Bb major
genres/jazz/jazz.00059.wav,Eb major
genres/jazz/jazz.00060.wav,Db major
genres/jazz/jazz.00061.wav,Bb minor
genres/jazz/jazz.00062.wav,F minor
genres/jazz/jazz.00063.wav,F major
genres/jazz/jazz.00064.wav,C major
genres/jazz/jazz.00065.wav,Ab major
genres/jazz/jazz.00067.wav,Ab major
genres/jazz/jazz.00068.wav,F major
genres/jazz/jazz.00069.wav,C major
genres/jazz/jazz.00070.wav,F major
genres/jazz/jazz.00071.wav,C major
genres/jazz/jazz.00072.wav,Eb major
genres/jazz/jazz.00073.wav,F major
genres/jazz/jazz.00074.wav,G major
genres/jazz/jazz.00075.wav,Bb major
genres/jazz/jazz.00076.wav,C major
genres/jazz/jazz.00077.wav,F major
genres/jazz/jazz.00078.wav,F major
genres/jazz/jazz.00079.wav,E major
genres/jazz/jazz.00080.wav,D minor
genres/jazz/jazz.00081.wav,D minor
genres/jazz/jazz.00082.wav,G major
genres/jazz/jazz.00084.wav,G minor
genres/jazz/jazz.00085.wav,Eb minor
genres/jazz/jazz.00086.wav,G major
genres/jazz/jazz.00087.wav,D minor
genres/jazz/jazz.00088.wav,Bb major
genres/jazz/jazz.00089.wav,D minor
genres/jazz/jazz.00090.wav,D minor
genres/jazz/jazz.00092.wav,C major
genres/jazz/jazz.00094.wav,C major
genres/jazz/jazz.00095.wav,C major
genres/jazz/jazz.00096.wav,B minor
genres/jazz/jazz.00099.wav,F minor
genres/metal/metal.00000.wav,G minor
genres/metal/metal.00001.wav,Eb minor
genres/metal/metal.00002.wav,F# minor
genres/metal/metal.00003.wav,A minor
genres/metal/metal.00004.wav,G minor
genres/metal/metal.00005.wav,E minor
genres/metal/metal.00006.wav,Bb minor
genres/metal/metal.00007.wav,F# minor
genres/metal/metal.00008.wav,E minor
genres/metal/metal.00009.wav,D minor
genres/metal/metal.00012.wav,A minor
genres/metal/metal.00013.wav,A minor
genres/metal/metal.00014.wav,B minor
genres/metal/metal.00016.wav,Db minor
genres/metal/metal.00017.wav,Eb minor
genres/metal/metal.00018.wav,Db minor
genres/metal/metal.00019.wav,Eb minor
genres/metal/metal.00020.wav,Ab minor
genres/metal/metal.00021.wav,E minor
genres/metal/metal.00022.wav,A major
genres/metal/metal.00023.wav,C minor
genres/metal/metal.00024.wav,B minor
genres/metal/metal.00025.wav,E minor
genres/metal/metal.00026.wav,E minor
genres/metal/metal.00027.wav,Bb minor
genres/metal/metal.00028.wav,Eb minor
genres/metal/metal.00029.wav,Bb major
genres/metal/metal.00030.wav,E minor
genres/metal/metal.00031.wav,Ab minor
genres/metal/metal.00032.wav,E minor
genres/metal/metal.00033.wav,E minor
genres/metal/metal.00034.wav,E minor
genres/metal/metal.00035.wav,Db minor
genres/metal/metal.00037.wav,Eb minor
genres/metal/metal.00039.wav,Ab minor
genres/metal/metal.00040.wav,A minor
genres/metal/metal.00041.wav,A minor
genres/metal/metal.00042.wav,A minor
genres/metal/metal.00043.wav,F# minor
genres/metal/metal.00044.wav,A minor
genres/metal/metal.00045.wav,A minor
genres/metal/metal.00046.wav,Bb minor
genres/metal/metal.00047.wav,D minor
genres/metal/metal.00048.wav,Db major
genres/metal/metal.00049.wav,A minor
genres/metal/metal.00050.wav,A minor
genres/metal/metal.00052.wav,A minor
genres/metal/metal.00053.wav,A minor
genres/metal/metal.00054.wav,Ab minor
genres/metal/metal.00055.wav,B minor
genres/metal/metal.00056.wav,B major
genres/metal/metal.00057.wav,B minor
genres/metal/metal.00058.wav,A minor
genres/metal/metal.00059.wav,A minor
genres/metal/metal.00060.wav,E minor
genres/metal/metal.00061.wav,A minor
genres/metal/metal.00062.wav,A minor
genres/metal/metal.00063.wav,A minor
genres/metal/metal.00064.wav,F# minor
genres/metal/metal.00065.wav,A minor
genres/metal/metal.00066.wav,A minor
genres/metal/metal.00067.wav,E minor
genres/metal/metal.00068.wav,A minor
genres/metal/metal.00069.wav,E minor
genres/metal/metal.00070.wav,Ab minor
genres/metal/metal.00071.wav,Db minor
genres/metal/metal.00072.wav,G minor
genres/metal/metal.00073.wav,Eb minor
genres/metal/metal.00074.wav,Db minor
genres/metal/metal.00075.wav,Ab minor
genres/metal/metal.00076.wav,E minor
genres/metal/metal.00077.wav,B minor
genres/metal/metal.00078.wav,Eb minor
genres/metal/metal.00080.wav,F# minor
genres/metal/metal.00081.wav,F# minor
genres/metal/metal.00082.wav,Eb minor
genres/metal/metal.00083.wav,E minor
genres/metal/metal.00084.wav,C minor
genres/metal/metal.00085.wav,F# minor
genres/metal/metal.00086.wav,C minor
genres/metal/metal.00087.wav,A minor
genres/metal/metal.00088.wav,A minor
genres/metal/metal.00089.wav,Eb minor
genres/metal/metal.00090.wav,E minor
genres/metal/metal.00091.wav,Db minor
genres/metal/metal.00092.wav,A minor
genres/metal/metal.00093.wav,E minor
genres/metal/metal.00094.wav,E minor
genres/metal/metal.00095.wav,F# minor
genres/metal/metal.00096.wav,D minor
genres/metal/metal.00097.wav,D minor
genres/metal/metal.00098.wav,F# minor
genres/metal/metal.00099.wav,D minor
genres/pop/pop.00000.wav,D minor
genres/pop/pop.00001.wav,F minor
genres/pop/pop.00002.wav,G minor
genres/pop/pop.00003.wav,G major
genres/pop/pop.00005.wav,B major
genres/pop/pop.00006.wav,C major
genres/pop/pop.00007.wav,D minor
genres/pop/pop.00008.wav,Ab major
genres/pop/pop.00009.wav,F# minor
genres/pop/pop.00010.wav,A major
genres/pop/pop.00011.wav,F major
genres/pop/pop.00013.wav,F major
genres/pop/pop.00014.wav,Ab major
genres/pop/pop.00015.wav,C minor
genres/pop/pop.00016.wav,Eb minor
genres/pop/pop.00017.wav,F# major
genres/pop/pop.00018.wav,Ab major
genres/pop/pop.00019.wav,C minor
genres/pop/pop.00020.wav,C minor
genres/pop/pop.00021.wav,C minor
genres/pop/pop.00022.wav,C minor
genres/pop/pop.00023.wav,C major
genres/pop/pop.00025.wav,G major
genres/pop/pop.00026.wav,C major
genres/pop/pop.00027.wav,B minor
genres/pop/pop.00028.wav,Eb major
genres/pop/pop.00029.wav,Db major
genres/pop/pop.00030.wav,Db major
genres/pop/pop.00031.wav,Db major
genres/pop/pop.00032.wav,Db minor
genres/pop/pop.00033.wav,C major
genres/pop/pop.00034.wav,Bb major
genres/pop/pop.00036.wav,C major
genres/pop/pop.00037.wav,C minor
genres/pop/pop.00038.wav,Db minor
genres/pop/pop.00039.wav,E major
genres/pop/pop.00040.wav,Bb major
genres/pop/pop.00041.wav,Bb major
genres/pop/pop.00042.wav,Db minor
genres/pop/pop.00043.wav,F# major
genres/pop/pop.00044.wav,Eb major
genres/pop/pop.00045.wav,F minor
genres/pop/pop.00046.wav,F minor
genres/pop/pop.00047.wav,G minor
genres/pop/pop.00048.wav,G minor
genres/pop/pop.00049.wav,F# major
genres/pop/pop.00050.wav,A major
genres/pop/pop.00051.wav,G minor
genres/pop/pop.00052.wav,Eb minor
genres/pop/pop.00053.wav,B major
genres/pop/pop.00054.wav,C minor
genres/pop/pop.00055.wav,Ab minor
genres/pop/pop.00056.wav,Db minor
genres/pop/pop.00057.wav,Eb minor
genres/pop/pop.00058.wav,F# minor
genres/pop/pop.00059.wav,Db minor
genres/pop/pop.00060.wav,C minor
genres/pop/pop.00061.wav,A minor
genres/pop/pop.00062.wav,Ab minor
genres/pop/pop.00063.wav,C minor
genres/pop/pop.00065.wav,F major
genres/pop/pop.00067.wav,E minor
genres/pop/pop.00068.wav,D major
genres/pop/pop.00069.wav,E minor
genres/pop/pop.00070.wav,D minor
genres/pop/pop.00071.wav,E minor
genres/pop/pop.00072.wav,F minor
genres/pop/pop.00073.wav,B minor
genres/pop/pop.00074.wav,B minor
genres/pop/pop.00075.wav,B minor
genres/pop/pop.00076.wav,F# minor
genres/pop/pop.00077.wav,F major
genres/pop/pop.00078.wav,Ab minor
genres/pop/pop.00079.wav,B major
genres/pop/pop.00080.wav,G minor
genres/pop/pop.00081.wav,F major
genres/pop/pop.00082.wav,B minor
genres/pop/pop.00083.wav,Ab major
genres/pop/pop.00084.wav,D major
genres/pop/pop.00085.wav,G minor
genres/pop/pop.00086.wav,D major
genres/pop/pop.00087.wav,G major
genres/pop/pop.00088.wav,D major
genres/pop/pop.00089.wav,D major
genres/pop/pop.00090.wav,G major
genres/pop/pop.00091.wav,B minor
genres/pop/pop.00092.wav,C minor
genres/pop/pop.00093.wav,C minor
genres/pop/pop.00094.wav,Eb major
genres/pop/pop.00095.wav,C major
genres/pop/pop.00096.wav,Bb major
genres/pop/pop.00097.wav,D minor
genres/pop/pop.00098.wav,A minor
genres/pop/pop.00099.wav,E major
genres/reggae/reggae.00000.wav,F# minor
genres/reggae/reggae.00001.wav,Db major
genres/reggae/reggae.00002.wav,B minor
genres/reggae/reggae.00003.wav,A major
genres/reggae/reggae.00004.wav,A major
genres/reggae/reggae.00005.wav,C minor
genres/reggae/reggae.00006.wav,A major
genres/reggae/reggae.00007.wav,Bb major
genres/reggae/reggae.00008.wav,G minor
genres/reggae/reggae.00009.wav,Ab major
genres/reggae/reggae.00010.wav,G major
genres/reggae/reggae.00011.wav,G major
genres/reggae/reggae.00012.wav,A minor
genres/reggae/reggae.00013.wav,B minor
genres/reggae/reggae.00014.wav,A minor
genres/reggae/reggae.00015.wav,Bb major
genres/reggae/reggae.00016.wav,B minor
genres/reggae/reggae.00017.wav,F# minor
genres/reggae/reggae.00018.wav,A minor
genres/reggae/reggae.00019.wav,Bb minor
genres/reggae/reggae.00020.wav,G major
genres/reggae/reggae.00021.wav,C major
genres/reggae/reggae.00022.wav,A major
genres/reggae/reggae.00023.wav,Eb minor
genres/reggae/reggae.00024.wav,Bb major
genres/reggae/reggae.00025.wav,C major
genres/reggae/reggae.00026.wav,B minor
genres/reggae/reggae.00027.wav,A minor
genres/reggae/reggae.00028.wav,Db major
genres/reggae/reggae.00029.wav,B minor
genres/reggae/reggae.00030.wav,Db major
genres/reggae/reggae.00031.wav,C major
genres/reggae/reggae.00032.wav,G minor
genres/reggae/reggae.00033.wav,Eb major
genres/reggae/reggae.00034.wav,C minor
genres/reggae/reggae.00035.wav,G minor
genres/reggae/reggae.00036.wav,F# minor
genres/reggae/reggae.00037.wav,D major
genres/reggae/reggae.00038.wav,E major
genres/reggae/reggae.00039.wav,F# minor
genres/reggae/reggae.00040.wav,D major
genres/reggae/reggae.00041.wav,Bb major
genres/reggae/reggae.00042.wav,D major
genres/reggae/reggae.00043.wav,C major
genres/reggae/reggae.00044.wav,Eb major
genres/reggae/reggae.00046.wav,B major
genres/reggae/reggae.00047.wav,F major
genres/reggae/reggae.00048.wav,G minor
genres/reggae/reggae.00049.wav,Ab major
genres/reggae/reggae.00050.wav,B major
genres/reggae/reggae.00052.wav,F# minor
genres/reggae/reggae.00053.wav,D minor
genres/reggae/reggae.00054.wav,A major
genres/reggae/reggae.00055.wav,E minor
genres/reggae/reggae.00056.wav,C minor
genres/reggae/reggae.00057.wav,G minor
genres/reggae/reggae.00058.wav,B minor
genres/reggae/reggae.00059.wav,Bb major
genres/reggae/reggae.00060.wav,G major
genres/reggae/reggae.00061.wav,Db major
genres/reggae/reggae.00062.wav,B minor
genres/reggae/reggae.00063.wav,D minor
genres/reggae/reggae.00064.wav,A major
genres/reggae/reggae.00065.wav,Bb minor
genres/reggae/reggae.00066.wav,A minor
genres/reggae/reggae.00067.wav,D minor
genres/reggae/reggae.00068.wav,G major
genres/reggae/reggae.00069.wav,Bb major
genres/reggae/reggae.00070.wav,G minor
genres/reggae/reggae.00071.wav,F major
genres/reggae/reggae.00072.wav,D major
genres/reggae/reggae.00073.wav,F# minor
genres/reggae/reggae.00074.wav,F# minor
genres/reggae/reggae.00075.wav,G major
genres/reggae/reggae.00076.wav,A minor
genres/reggae/reggae.00077.wav,A minor
genres/reggae/reggae.00078.wav,G minor
genres/reggae/reggae.00080.wav,B minor
genres/reggae/reggae.00081.wav,B minor
genres/reggae/reggae.00082.wav,D minor
genres/reggae/reggae.00083.wav,F major
genres/reggae/reggae.00084.wav,Db major
genres/reggae/reggae.00085.wav,C major
genres/reggae/reggae.00086.wav,A minor
genres/reggae/reggae.00087.wav,A minor
genres/reggae/reggae.00088.wav,Db major
genres/reggae/reggae.00089.wav,Ab major
genres/reggae/reggae.00090.wav,G major
genres/reggae/reggae.00091.wav,G major
genres/reggae/reggae.00092.wav,G major
genres/reggae/reggae.00093.wav,G major
genres/reggae/reggae.00094.wav,Eb major
genres/reggae/reggae.00095.wav,C major
genres/reggae/reggae.00096.wav,C major
genres/reggae/reggae.00097.wav,F major
genres/reggae/reggae.00098.wav,C minor
genres/reggae/reggae.00099.wav,F major
genres/rock/rock.00000.wav,D minor
genres/rock/rock.00001.wav,A minor
genres/rock/rock.00002.wav,D minor
genres/rock/rock.00003.wav,A minor
genres/rock/rock.00004.wav,A minor
genres/rock/rock.00005.wav,A minor
genres/rock/rock.00006.wav,Eb minor
genres/rock/rock.00007.wav,D minor
genres/rock/rock.00008.wav,A minor
genres/rock/rock.00009.wav,C minor
genres/rock/rock.00010.wav,D major
genres/rock/rock.00011.wav,Ab major
genres/rock/rock.00012.wav,F# minor
genres/rock/rock.00013.wav,Bb major
genres/rock/rock.00014.wav,E minor
genres/rock/rock.00015.wav,G minor
genres/rock/rock.00016.wav,A minor
genres/rock/rock.00017.wav,D major
genres/rock/rock.00018.wav,E minor
genres/rock/rock.00019.wav,E major
genres/rock/rock.00020.wav,Eb major
genres/rock/rock.00021.wav,Db major
genres/rock/rock.00022.wav,Eb major
genres/rock/rock.00023.wav,Eb major
genres/rock/rock.00024.wav,D major
genres/rock/rock.00025.wav,A minor
genres/rock/rock.00026.wav,F major
genres/rock/rock.00027.wav,Eb minor
genres/rock/rock.00028.wav,Bb minor
genres/rock/rock.00030.wav,E major
genres/rock/rock.00031.wav,G major
genres/rock/rock.00032.wav,A minor
genres/rock/rock.00033.wav,Db minor
genres/rock/rock.00034.wav,C major
genres/rock/rock.00035.wav,E major
genres/rock/rock.00036.wav,F major
genres/rock/rock.00037.wav,C major
genres/rock/rock.00038.wav,F# major
genres/rock/rock.00039.wav,A major
genres/rock/rock.00040.wav,C major
genres/rock/rock.00041.wav,C major
genres/rock/rock.00042.wav,C major
genres/rock/rock.00043.wav,A minor
genres/rock/rock.00044.wav,C major
genres/rock/rock.00045.wav,A major
genres/rock/rock.00047.wav,G minor
genres/rock/rock.00048.wav,A major
genres/rock/rock.00049.wav,F# minor
genres/rock/rock.00050.wav,Db major
genres/rock/rock.00051.wav,Db major
genres/rock/rock.00052.wav,Ab minor
genres/rock/rock.00053.wav,C major
genres/rock/rock.00054.wav,C minor
genres/rock/rock.00055.wav,A minor
genres/rock/rock.00056.wav,A major
genres/rock/rock.00057.wav,D minor
genres/rock/rock.00058.wav,C minor
genres/rock/rock.00059.wav,B minor
genres/rock/rock.00060.wav,A minor
genres/rock/rock.00061.wav,A minor
genres/rock/rock.00062.wav,Db minor
genres/rock/rock.00063.wav,C minor
genres/rock/rock.00064.wav,C major
genres/rock/rock.00065.wav,F major
genres/rock/rock.00066.wav,G major
genres/rock/rock.00067.wav,B minor
genres/rock/rock.00068.wav,A minor
genres/rock/rock.00069.wav,A minor
genres/rock/rock.00070.wav,A major
genres/rock/rock.00071.wav,D minor
genres/rock/rock.00072.wav,G major
genres/rock/rock.00073.wav,G minor
genres/rock/rock.00074.wav,G major
genres/rock/rock.00075.wav,E minor
genres/rock/rock.00076.wav,A major
genres/rock/rock.00077.wav,Ab minor
genres/rock/rock.00078.wav,C major
genres/rock/rock.00079.wav,G major
genres/rock/rock.00080.wav,Eb major
genres/rock/rock.00081.wav,C minor
genres/rock/rock.00082.wav,C major
genres/rock/rock.00083.wav,B minor
genres/rock/rock.00084.wav,G major
genres/rock/rock.00085.wav,F major
genres/rock/rock.00086.wav,D major
genres/rock/rock.00087.wav,G major
genres/rock/rock.00088.wav,D minor
genres/rock/rock.00089.wav,G major
genres/rock/rock.00090.wav,F major
genres/rock/rock.00091.wav,A major
genres/rock/rock.00092.wav,Ab major
genres/rock/rock.00093.wav,F# major
genres/rock/rock.00094.wav,F# major
genres/rock/rock.00095.wav,D major
genres/rock/rock.00096.wav,A major
genres/rock/rock.00097.wav,G major
genres/rock/rock.00098.wav,C major
genres/rock/rock.00099.wav,E major
