aud/00_BN1-129-Eb_comp_mic.wav,Eb major
aud/00_BN1-129-Eb_solo_mic.wav,Eb major
aud/00_BN1-147-Gb_comp_mic.wav,Gb major
aud/00_BN1-147-Gb_solo_mic.wav,Gb major
aud/00_BN2-131-B_comp_mic.wav,B minor
aud/00_BN2-131-B_solo_mic.wav,B minor
aud/00_BN2-166-Ab_comp_mic.wav,Ab minor
aud/00_BN2-166-Ab_solo_mic.wav,Ab minor
aud/00_BN3-119-G_comp_mic.wav,G major
aud/00_BN3-119-G_solo_mic.wav,G major
aud/00_BN3-154-E_comp_mic.wav,E major
aud/00_BN3-154-E_solo_mic.wav,E major
aud/00_Funk1-114-Ab_comp_mic.wav,Ab major
aud/00_Funk1-114-Ab_solo_mic.wav,Ab major
aud/00_Funk1-97-C_comp_mic.wav,C major
aud/00_Funk1-97-C_solo_mic.wav,C major
aud/00_Funk2-108-Eb_comp_mic.wav,Eb minor
aud/00_Funk2-108-Eb_solo_mic.wav,Eb minor
aud/00_Funk2-119-G_comp_mic.wav,G minor
aud/00_Funk2-119-G_solo_mic.wav,G minor
aud/00_Funk3-112-C#_comp_mic.wav,C# major
aud/00_Funk3-112-C#_solo_mic.wav,C# major
aud/00_Funk3-98-A_comp_mic.wav,A major
aud/00_Funk3-98-A_solo_mic.wav,A major
aud/00_Jazz1-130-D_comp_mic.wav,D major
aud/00_Jazz1-130-D_solo_mic.wav,D major
aud/00_Jazz1-200-B_comp_mic.wav,B major
aud/00_Jazz1-200-B_solo_mic.wav,B major
aud/00_Jazz2-110-Bb_comp_mic.wav,Bb minor
aud/00_Jazz2-110-Bb_solo_mic.wav,Bb minor
aud/00_Jazz2-187-F#_comp_mic.wav,F# minor
aud/00_Jazz2-187-F#_solo_mic.wav,F# minor
aud/00_Jazz3-137-Eb_comp_mic.wav,Eb major
aud/00_Jazz3-137-Eb_solo_mic.wav,Eb major
aud/00_Jazz3-150-C_comp_mic.wav,C major
aud/00_Jazz3-150-C_solo_mic.wav,C major
aud/00_Rock1-130-A_comp_mic.wav,A major
aud/00_Rock1-130-A_solo_mic.wav,A major
aud/00_Rock1-90-C#_comp_mic.wav,C# major
aud/00_Rock1-90-C#_solo_mic.wav,C# major
aud/00_Rock2-142-D_comp_mic.wav,D minor
aud/00_Rock2-142-D_solo_mic.wav,D minor
aud/00_Rock2-85-F_comp_mic.wav,F minor
aud/00_Rock2-85-F_solo_mic.wav,F minor
aud/00_Rock3-117-Bb_comp_mic.wav,Bb major
aud/00_Rock3-117-Bb_solo_mic.wav,Bb major
aud/00_Rock3-148-C_comp_mic.wav,C major
aud/00_Rock3-148-C_solo_mic.wav,C major
aud/00_SS1-100-C#_comp_mic.wav,C# major
aud/00_SS1-100-C#_solo_mic.wav,C# major
aud/00_SS1-68-E_comp_mic.wav,E major
aud/00_SS1-68-E_solo_mic.wav,E major
aud/00_SS2-107-Ab_comp_mic.wav,Ab minor
aud/00_SS2-107-Ab_solo_mic.wav,Ab minor
aud/00_SS2-88-F_comp_mic.wav,F minor
aud/00_SS2-88-F_solo_mic.wav,F minor
aud/00_SS3-84-Bb_comp_mic.wav,Bb major
aud/00_SS3-84-Bb_solo_mic.wav,Bb major
aud/00_SS3-98-C_comp_mic.wav,C major
aud/00_SS3-98-C_solo_mic.wav,C major
aud/01_BN1-129-Eb_comp_mic.wav,Eb major
aud/01_BN1-129-Eb_solo_mic.wav,Eb major
aud/01_BN1-147-Gb_comp_mic.wav,Gb major
aud/01_BN1-147-Gb_solo_mic.wav,Gb major
aud/01_BN2-131-B_comp_mic.wav,B minor
aud/01_BN2-131-B_solo_mic.wav,B minor
aud/01_BN2-166-Ab_comp_mic.wav,Ab minor
aud/01_BN2-166-Ab_solo_mic.wav,Ab minor
aud/01_BN3-119-G_comp_mic.wav,G major
aud/01_BN3-119-G_solo_mic.wav,G major
aud/01_BN3-154-E_comp_mic.wav,E major
aud/01_BN3-154-E_solo_mic.wav,E major
aud/01_Funk1-114-Ab_comp_mic.wav,Ab major
aud/01_Funk1-114-Ab_solo_mic.wav,Ab major
aud/01_Funk1-97-C_comp_mic.wav,C major
aud/01_Funk1-97-C_solo_mic.wav,C major
aud/01_Funk2-108-Eb_comp_mic.wav,Eb minor
aud/01_Funk2-108-Eb_solo_mic.wav,Eb minor
aud/01_Funk2-119-G_comp_mic.wav,G minor
aud/01_Funk2-119-G_solo_mic.wav,G minor
aud/01_Funk3-112-C#_comp_mic.wav,C# major
aud/01_Funk3-112-C#_solo_mic.wav,C# major
aud/01_Funk3-98-A_comp_mic.wav,A major
aud/01_Funk3-98-A_solo_mic.wav,A major
aud/01_Jazz1-130-D_comp_mic.wav,D major
aud/01_Jazz1-130-D_solo_mic.wav,D major
aud/01_Jazz1-200-B_comp_mic.wav,B major
aud/01_Jazz1-200-B_solo_mic.wav,B major
aud/01_Jazz2-110-Bb_comp_mic.wav,Bb minor
aud/01_Jazz2-110-Bb_solo_mic.wav,Bb minor
aud/01_Jazz2-187-F#_comp_mic.wav,F# minor
aud/01_Jazz2-187-F#_solo_mic.wav,F# minor
aud/01_Jazz3-137-Eb_comp_mic.wav,Eb major
aud/01_Jazz3-137-Eb_solo_mic.wav,Eb major
aud/01_Jazz3-150-C_comp_mic.wav,C major
aud/01_Jazz3-150-C_solo_mic.wav,C major
aud/01_Rock1-130-A_comp_mic.wav,A major
aud/01_Rock1-130-A_solo_mic.wav,A major
aud/01_Rock1-90-C#_comp_mic.wav,C# major
aud/01_Rock1-90-C#_solo_mic.wav,C# major
aud/01_Rock2-142-D_comp_mic.wav,D minor
aud/01_Rock2-142-D_solo_mic.wav,D minor
aud/01_Rock2-85-F_comp_mic.wav,F minor
aud/01_Rock2-85-F_solo_mic.wav,F minor
aud/01_Rock3-117-Bb_comp_mic.wav,Bb major
aud/01_Rock3-117-Bb_solo_mic.wav,Bb major
aud/01_Rock3-148-C_comp_mic.wav,C major
aud/01_Rock3-148-C_solo_mic.wav,C major
aud/01_SS1-100-C#_comp_mic.wav,C# major
aud/01_SS1-100-C#_solo_mic.wav,C# major
aud/01_SS1-68-E_comp_mic.wav,E major
aud/01_SS1-68-E_solo_mic.wav,E major
aud/01_SS2-107-Ab_comp_mic.wav,Ab minor
aud/01_SS2-107-Ab_solo_mic.wav,Ab minor
aud/01_SS2-88-F_comp_mic.wav,F minor
aud/01_SS2-88-F_solo_mic.wav,F minor
aud/01_SS3-84-Bb_comp_mic.wav,Bb major
aud/01_SS3-84-Bb_solo_mic.wav,Bb major
aud/01_SS3-98-C_comp_mic.wav,C major
aud/01_SS3-98-C_solo_mic.wav,C major
aud/02_BN1-129-Eb_comp_mic.wav,Eb major
aud/02_BN1-129-Eb_solo_mic.wav,Eb major
aud/02_BN1-147-Gb_comp_mic.wav,Gb major
aud/02_BN1-147-Gb_solo_mic.wav,Gb major
aud/02_BN2-131-B_comp_mic.wav,B minor
aud/02_BN2-131-B_solo_mic.wav,B minor
aud/02_BN2-166-Ab_comp_mic.wav,Ab minor
aud/02_BN2-166-Ab_solo_mic.wav,Ab minor
aud/02_BN3-119-G_comp_mic.wav,G major
aud/02_BN3-119-G_solo_mic.wav,G major
aud/02_BN3-154-E_comp_mic.wav,E major
aud/02_BN3-154-E_solo_mic.wav,E major
aud/02_Funk1-114-Ab_comp_mic.wav,Ab major
aud/02_Funk1-114-Ab_solo_mic.wav,Ab major
aud/02_Funk1-97-C_comp_mic.wav,C major
aud/02_Funk1-97-C_solo_mic.wav,C major
aud/02_Funk2-108-Eb_comp_mic.wav,Eb minor
aud/02_Funk2-108-Eb_solo_mic.wav,Eb minor
aud/02_Funk2-119-G_comp_mic.wav,G minor
aud/02_Funk2-119-G_solo_mic.wav,G minor
aud/02_Funk3-112-C#_comp_mic.wav,C# major
aud/02_Funk3-112-C#_solo_mic.wav,C# major
aud/02_Funk3-98-A_comp_mic.wav,A major
aud/02_Funk3-98-A_solo_mic.wav,A major
aud/02_Jazz1-130-D_comp_mic.wav,D major
aud/02_Jazz1-130-D_solo_mic.wav,D major
aud/02_Jazz1-200-B_comp_mic.wav,B major
aud/02_Jazz1-200-B_solo_mic.wav,B major
aud/02_Jazz2-110-Bb_comp_mic.wav,Bb minor
aud/02_Jazz2-110-Bb_solo_mic.wav,Bb minor
aud/02_Jazz2-187-F#_comp_mic.wav,F# minor
aud/02_Jazz2-187-F#_solo_mic.wav,F# minor
aud/02_Jazz3-137-Eb_comp_mic.wav,Eb major
aud/02_Jazz3-137-Eb_solo_mic.wav,Eb major
aud/02_Jazz3-150-C_comp_mic.wav,C major
aud/02_Jazz3-150-C_solo_mic.wav,C major
aud/02_Rock1-130-A_comp_mic.wav,A major
aud/02_Rock1-130-A_solo_mic.wav,A major
aud/02_Rock1-90-C#_comp_mic.wav,C# major
aud/02_Rock1-90-C#_solo_mic.wav,C# major
aud/02_Rock2-142-D_comp_mic.wav,D minor
aud/02_Rock2-142-D_solo_mic.wav,D minor
aud/02_Rock2-85-F_comp_mic.wav,F minor
aud/02_Rock2-85-F_solo_mic.wav,F minor
aud/02_Rock3-117-Bb_comp_mic.wav,Bb major
aud/02_Rock3-117-Bb_solo_mic.wav,Bb major
aud/02_Rock3-148-C_comp_mic.wav,C major
aud/02_Rock3-148-C_solo_mic.wav,C major
aud/02_SS1-100-C#_comp_mic.wav,C# major
aud/02_SS1-100-C#_solo_mic.wav,C# major
aud/02_SS1-68-E_comp_mic.wav,E major
aud/02_SS1-68-E_solo_mic.wav,E major
aud/02_SS2-107-Ab_comp_mic.wav,Ab minor
aud/02_SS2-107-Ab_solo_mic.wav,Ab minor
aud/02_SS2-88-F_comp_mic.wav,F minor
aud/02_SS2-88-F_solo_mic.wav,F minor
aud/02_SS3-84-Bb_comp_mic.wav,Bb major
aud/02_SS3-84-Bb_solo_mic.wav,Bb major
aud/02_SS3-98-C_comp_mic.wav,C major
aud/02_SS3-98-C_solo_mic.wav,C major
aud/03_BN1-129-Eb_comp_mic.wav,Eb major
aud/03_BN1-129-Eb_solo_mic.wav,Eb major
aud/03_BN1-147-Gb_comp_mic.wav,Gb major
aud/03_BN1-147-Gb_solo_mic.wav,Gb major
aud/03_BN2-131-B_comp_mic.wav,B minor
aud/03_BN2-131-B_solo_mic.wav,B minor
aud/03_BN2-166-Ab_comp_mic.wav,Ab minor
aud/03_BN2-166-Ab_solo_mic.wav,Ab minor
aud/03_BN3-119-G_comp_mic.wav,G major
aud/03_BN3-119-G_solo_mic.wav,G major
aud/03_BN3-154-E_comp_mic.wav,E major
aud/03_BN3-154-E_solo_mic.wav,E major
aud/03_Funk1-114-Ab_comp_mic.wav,Ab major
aud/03_Funk1-114-Ab_solo_mic.wav,Ab major
aud/03_Funk1-97-C_comp_mic.wav,C major
aud/03_Funk1-97-C_solo_mic.wav,C major
aud/03_Funk2-108-Eb_comp_mic.wav,Eb minor
aud/03_Funk2-108-Eb_solo_mic.wav,Eb minor
aud/03_Funk2-119-G_comp_mic.wav,G minor
aud/03_Funk2-119-G_solo_mic.wav,G minor
aud/03_Funk3-112-C#_comp_mic.wav,C# major
aud/03_Funk3-112-C#_solo_mic.wav,C# major
aud/03_Funk3-98-A_comp_mic.wav,A major
aud/03_Funk3-98-A_solo_mic.wav,A major
aud/03_Jazz1-130-D_comp_mic.wav,D major
aud/03_Jazz1-130-D_solo_mic.wav,D major
aud/03_Jazz1-200-B_comp_mic.wav,B major
aud/03_Jazz1-200-B_solo_mic.wav,B major
aud/03_Jazz2-110-Bb_comp_mic.wav,Bb minor
aud/03_Jazz2-110-Bb_solo_mic.wav,Bb minor
aud/03_Jazz2-187-F#_comp_mic.wav,F# minor
aud/03_Jazz2-187-F#_solo_mic.wav,F# minor
aud/03_Jazz3-137-Eb_comp_mic.wav,Eb major
aud/03_Jazz3-137-Eb_solo_mic.wav,Eb major
aud/03_Jazz3-150-C_comp_mic.wav,C major
aud/03_Jazz3-150-C_solo_mic.wav,C major
aud/03_Rock1-130-A_comp_mic.wav,A major
aud/03_Rock1-130-A_solo_mic.wav,A major
aud/03_Rock1-90-C#_comp_mic.wav,C# major
aud/03_Rock1-90-C#_solo_mic.wav,C# major
aud/03_Rock2-142-D_comp_mic.wav,D minor
aud/03_Rock2-142-D_solo_mic.wav,D minor
aud/03_Rock2-85-F_comp_mic.wav,F minor
aud/03_Rock2-85-F_solo_mic.wav,F minor
aud/03_Rock3-117-Bb_comp_mic.wav,Bb major
aud/03_Rock3-117-Bb_solo_mic.wav,Bb major
aud/03_Rock3-148-C_comp_mic.wav,C major
aud/03_Rock3-148-C_solo_mic.wav,C major
aud/03_SS1-100-C#_comp_mic.wav,C# major
aud/03_SS1-100-C#_solo_mic.wav,C# major
aud/03_SS1-68-E_comp_mic.wav,E major
aud/03_SS1-68-E_solo_mic.wav,E major
aud/03_SS2-107-Ab_comp_mic.wav,Ab minor
aud/03_SS2-107-Ab_solo_mic.wav,Ab minor
aud/03_SS2-88-F_comp_mic.wav,F minor
aud/03_SS2-88-F_solo_mic.wav,F minor
aud/03_SS3-84-Bb_comp_mic.wav,Bb major
aud/03_SS3-84-Bb_solo_mic.wav,Bb major
aud/03_SS3-98-C_comp_mic.wav,C major
aud/03_SS3-98-C_solo_mic.wav,C major
aud/04_BN1-129-Eb_comp_mic.wav,Eb major
aud/04_BN1-129-Eb_solo_mic.wav,Eb major
aud/04_BN1-147-Gb_comp_mic.wav,Gb major
aud/04_BN1-147-Gb_solo_mic.wav,Gb major
aud/04_BN2-131-B_comp_mic.wav,B minor
aud/04_BN2-131-B_solo_mic.wav,B minor
aud/04_BN2-166-Ab_comp_mic.wav,Ab minor
aud/04_BN2-166-Ab_solo_mic.wav,Ab minor
aud/04_BN3-119-G_comp_mic.wav,G major
aud/04_BN3-119-G_solo_mic.wav,G major
aud/04_BN3-154-E_comp_mic.wav,E major
aud/04_BN3-154-E_solo_mic.wav,E major
aud/04_Funk1-114-Ab_comp_mic.wav,Ab major
aud/04_Funk1-114-Ab_solo_mic.wav,Ab major
aud/04_Funk1-97-C_comp_mic.wav,C major
aud/04_Funk1-97-C_solo_mic.wav,C major
aud/04_Funk2-108-Eb_comp_mic.wav,Eb minor
aud/04_Funk2-108-Eb_solo_mic.wav,Eb minor
aud/04_Funk2-119-G_comp_mic.wav,G minor
aud/04_Funk2-119-G_solo_mic.wav,G minor
aud/04_Funk3-112-C#_comp_mic.wav,C# major
aud/04_Funk3-112-C#_solo_mic.wav,C# major
aud/04_Funk3-98-A_comp_mic.wav,A major
aud/04_Funk3-98-A_solo_mic.wav,A major
aud/04_Jazz1-130-D_comp_mic.wav,D major
aud/04_Jazz1-130-D_solo_mic.wav,D major
aud/04_Jazz1-200-B_comp_mic.wav,B major
aud/04_Jazz1-200-B_solo_mic.wav,B major
aud/04_Jazz2-110-Bb_comp_mic.wav,Bb minor
aud/04_Jazz2-110-Bb_solo_mic.wav,Bb minor
aud/04_Jazz2-187-F#_comp_mic.wav,F# minor
aud/04_Jazz2-187-F#_solo_mic.wav,F# minor
aud/04_Jazz3-137-Eb_comp_mic.wav,Eb major
aud/04_Jazz3-137-Eb_solo_mic.wav,Eb major
aud/04_Jazz3-150-C_comp_mic.wav,C major
aud/04_Jazz3-150-C_solo_mic.wav,C major
aud/04_Rock1-130-A_comp_mic.wav,A major
aud/04_Rock1-130-A_solo_mic.wav,A major
aud/04_Rock1-90-C#_comp_mic.wav,C# major
aud/04_Rock1-90-C#_solo_mic.wav,C# major
aud/04_Rock2-142-D_comp_mic.wav,D minor
aud/04_Rock2-142-D_solo_mic.wav,D minor
aud/04_Rock2-85-F_comp_mic.wav,F minor
aud/04_Rock2-85-F_solo_mic.wav,F minor
aud/04_Rock3-117-Bb_comp_mic.wav,Bb major
aud/04_Rock3-117-Bb_solo_mic.wav,Bb major
aud/04_Rock3-148-C_comp_mic.wav,C major
aud/04_Rock3-148-C_solo_mic.wav,C major
aud/04_SS1-100-C#_comp_mic.wav,C# major
aud/04_SS1-100-C#_solo_mic.wav,C# major
aud/04_SS1-68-E_comp_mic.wav,E major
aud/04_SS1-68-E_solo_mic.wav,E major
aud/04_SS2-107-Ab_comp_mic.wav,Ab minor
aud/04_SS2-107-Ab_solo_mic.wav,Ab minor
aud/04_SS2-88-F_comp_mic.wav,F minor
aud/04_SS2-88-F_solo_mic.wav,F minor
aud/04_SS3-84-Bb_comp_mic.wav,Bb major
aud/04_SS3-84-Bb_solo_mic.wav,Bb major
aud/04_SS3-98-C_comp_mic.wav,C major
aud/04_SS3-98-C_solo_mic.wav,C major
aud/05_BN1-129-Eb_comp_mic.wav,Eb major
aud/05_BN1-129-Eb_solo_mic.wav,Eb major
aud/05_BN1-147-Gb_comp_mic.wav,Gb major
aud/05_BN1-147-Gb_solo_mic.wav,Gb major
aud/05_BN2-131-B_comp_mic.wav,B minor
aud/05_BN2-131-B_solo_mic.wav,B minor
aud/05_BN2-166-Ab_comp_mic.wav,Ab minor
aud/05_BN2-166-Ab_solo_mic.wav,Ab minor
aud/05_BN3-119-G_comp_mic.wav,G major
aud/05_BN3-119-G_solo_mic.wav,G major
aud/05_BN3-154-E_comp_mic.wav,E major
aud/05_BN3-154-E_solo_mic.wav,E major
aud/05_Funk1-114-Ab_comp_mic.wav,Ab major
aud/05_Funk1-114-Ab_solo_mic.wav,Ab major
aud/05_Funk1-97-C_comp_mic.wav,C major
aud/05_Funk1-97-C_solo_mic.wav,C major
aud/05_Funk2-108-Eb_comp_mic.wav,Eb minor
aud/05_Funk2-108-Eb_solo_mic.wav,Eb minor
aud/05_Funk2-119-G_comp_mic.wav,G minor
aud/05_Funk2-119-G_solo_mic.wav,G minor
aud/05_Funk3-112-C#_comp_mic.wav,C# major
aud/05_Funk3-112-C#_solo_mic.wav,C# major
aud/05_Funk3-98-A_comp_mic.wav,A major
aud/05_Funk3-98-A_solo_mic.wav,A major
aud/05_Jazz1-130-D_comp_mic.wav,D major
aud/05_Jazz1-130-D_solo_mic.wav,D major
aud/05_Jazz1-200-B_comp_mic.wav,B major
aud/05_Jazz1-200-B_solo_mic.wav,B major
aud/05_Jazz2-110-Bb_comp_mic.wav,Bb minor
aud/05_Jazz2-110-Bb_solo_mic.wav,Bb minor
aud/05_Jazz2-187-F#_comp_mic.wav,F# minor
aud/05_Jazz2-187-F#_solo_mic.wav,F# minor
aud/05_Jazz3-137-Eb_comp_mic.wav,Eb major
aud/05_Jazz3-137-Eb_solo_mic.wav,Eb major
aud/05_Jazz3-150-C_comp_mic.wav,C major
aud/05_Jazz3-150-C_solo_mic.wav,C major
aud/05_Rock1-130-A_comp_mic.wav,A major
aud/05_Rock1-130-A_solo_mic.wav,A major
aud/05_Rock1-90-C#_comp_mic.wav,C# major
aud/05_Rock1-90-C#_solo_mic.wav,C# major
aud/05_Rock2-142-D_comp_mic.wav,D minor
aud/05_Rock2-142-D_solo_mic.wav,D minor
aud/05_Rock2-85-F_comp_mic.wav,F minor
aud/05_Rock2-85-F_solo_mic.wav,F minor
aud/05_Rock3-117-Bb_comp_mic.wav,Bb major
aud/05_Rock3-117-Bb_solo_mic.wav,Bb major
aud/05_Rock3-148-C_comp_mic.wav,C major
aud/05_Rock3-148-C_solo_mic.wav,C major
aud/05_SS1-100-C#_comp_mic.wav,C# major
aud/05_SS1-100-C#_solo_mic.wav,C# major
aud/05_SS1-68-E_comp_mic.wav,E major
aud/05_SS1-68-E_solo_mic.wav,E major
aud/05_SS2-107-Ab_comp_mic.wav,Ab minor
aud/05_SS2-107-Ab_solo_mic.wav,Ab minor
aud/05_SS2-88-F_comp_mic.wav,F minor
aud/05_SS2-88-F_solo_mic.wav,F minor
aud/05_SS3-84-Bb_comp_mic.wav,Bb major
aud/05_SS3-84-Bb_solo_mic.wav,Bb major
aud/05_SS3-98-C_comp_mic.wav,C major
aud/05_SS3-98-C_solo_mic.wav,C major
