001.mp3,B minor
003.mp3,E minor
004.mp3,D minor
005.mp3,B minor
006.mp3,C major
009.mp3,D major
010.mp3,F major
012.mp3,Ab minor
015.mp3,G major
017.mp3,D minor
018.mp3,F major
020.mp3,A minor
021.mp3,F major
022.mp3,F# minor
023.mp3,D major
024.mp3,E major
030.mp3,E minor
031.mp3,D major
034.mp3,C major
035.mp3,G minor
036.mp3,B minor
037.mp3,A minor
038.mp3,A minor
040.mp3,A minor
045.mp3,G major
047.mp3,A minor
048.mp3,B major
051.mp3,A major
053.mp3,B major
054.mp3,C minor
055.mp3,C major
057.mp3,F minor
060.mp3,E major
062.mp3,C major
063.mp3,A minor
064.mp3,G major
065.mp3,D minor
068.mp3,E major
070.mp3,A minor
071.mp3,E minor
074.mp3,E minor
075.mp3,F# minor
078.mp3,C major
079.mp3,E major
082.mp3,A minor
083.mp3,E minor
085.mp3,F major
088.mp3,C major
089.mp3,B major
094.mp3,F major
100.mp3,E minor
101.mp3,G major
102.mp3,G minor
104.mp3,A major
107.mp3,C major
113.mp3,A major
114.mp3,B major
115.mp3,Eb minor
116.mp3,Bb minor
117.mp3,G minor
118.mp3,A minor
119.mp3,F# major
122.mp3,G major
126.mp3,F major
127.mp3,F# major
133.mp3,F# minor
134.mp3,C major
135.mp3,D major
136.mp3,E major
137.mp3,B minor
140.mp3,Eb major
141.mp3,C major
142.mp3,F# major
147.mp3,C minor
150.mp3,E major
151.mp3,C major
153.mp3,F minor
159.mp3,C major
