01.mp3	jamendo-214241	folk	licenses/by-nc-nd/3.0/
02.mp3	jamendo-450303	rock	licenses/by-sa/3.0/
03.mp3	jamendo-116939	hiphop	licenses/by-nc-nd/3.0/
05.mp3	jamendo-329415	folk	licenses/by-nc-nd/3.0/
07.mp3	jamendo-167499	hiphop	licenses/by-nc-nd/3.0/
08.mp3	jamendo-168498	pop	licenses/by/3.0/
09.mp3	jamendo-169864	pop	licenses/by-nc-nd/3.0/
10.mp3	jamendo-120464	rock	licenses/by-nc-sa/2.0/de/
11.mp3	jamendo-427283	pop	licenses/by-nc-nd/3.0/
13.mp3	jamendo-213717	reggae	licenses/by-sa/3.0/
14.mp3	jamendo-124557	ska	licenses/by-nc-sa/2.0/be/
15.mp3	jamendo-182232	punk	licenses/by-nc-nd/3.0/
17.mp3	jamendo-308475	reggae	licenses/by-nc-sa/3.0/
18.mp3	jamendo-321428	metal	licenses/by-nc-nd/3.0/
20.mp3	jamendo-136755	electronic	licenses/by/3.0/
23.mp3	jamendo-197833	electronic	licenses/by-nc-nd/3.0/
25.mp3	jamendo-117211	reggae	licenses/by-nc-sa/3.0/
26.mp3	jamendo-281679	reggae	licenses/by-sa/3.0/
27.mp3	jamendo-164024	rock	licenses/by-nc-nd/3.0/
28.mp3	jamendo-173585	alternative	licenses/by-nc-nd/3.0/
29.mp3	jamendo-186564	ska	licenses/by/3.0/
30.mp3	jamendo-192532	punk	licenses/by-nc-nd/3.0/
32.mp3	jamendo-325798	soul	licenses/by-nc/3.0/
34.mp3	jamendo-501964	punk	licenses/by-nc/3.0/
39.mp3	jamendo-247920	metal	licenses/by-nc-nd/3.0/
