001.mp3	jamendo-155429	lounge	licenses/by-nd/3.0/
003.mp3	jamendo-416744	funk	licenses/by-nc-sa/3.0/
004.mp3	jamendo-406143	ambient	licenses/by-nc-nd/3.0/
005.mp3	jamendo-136776	soul	licenses/by-nc-sa/3.0/
006.mp3	jamendo-267521	ska	licenses/by-nc-nd/3.0/
009.mp3	jamendo-173873	alternative	licenses/by-nc/3.0/
010.mp3	jamendo-446009	ambient	licenses/by-nc-nd/3.0/
012.mp3	jamendo-317058	hiphop	licenses/by-nc-nd/3.0/
015.mp3	jamendo-127477	indie	licenses/by-sa/3.0/
017.mp3	jamendo-288126	hiphop	licenses/by-nc-nd/3.0/
018.mp3	jamendo-453586	soul	licenses/by-nc-sa/3.0/
020.mp3	jamendo-561893	poprock	licenses/by-nc-nd/3.0/
021.mp3	jamendo-367648	ambient	licenses/by-nc-sa/3.0/
022.mp3	jamendo-269888	reggae	licenses/by-nd/3.0/
023.mp3	jamendo-215593	punk	licenses/by-nc-nd/3.0/
024.mp3	jamendo-270847	country	licenses/by-sa/3.0/
030.mp3	jamendo-194312	hardrock	licenses/by-nc-nd/3.0/
031.mp3	jamendo-225112	ska	licenses/by-nc-nd/3.0/
034.mp3	jamendo-500443	pop	licenses/by-nc-nd/3.0/
035.mp3	jamendo-503161	metal	licenses/by-nc-nd/3.0/
036.mp3	jamendo-172196	reggae	licenses/by-sa/3.0/
037.mp3	jamendo-336188	dance	licenses/by-nc-sa/3.0/
038.mp3	jamendo-167293	pop	licenses/by-nc-nd/3.0/
040.mp3	jamendo-630520	ska	licenses/by-nc-nd/3.0/
045.mp3	jamendo-424314	ska	licenses/by-nc-sa/3.0/
047.mp3	jamendo-613481	ska	licenses/by-nc-nd/3.0/
048.mp3	jamendo-200703	singersongwriter	licenses/by-nd/3.0/
051.mp3	jamendo-513386	punk	licenses/by-nc-nd/3.0/
053.mp3	jamendo-303183	pop	licenses/by-nc/3.0/
054.mp3	jamendo-395951	hardrock	licenses/by-nc-nd/3.0/
055.mp3	jamendo-183261	ambient	licenses/by-nc-nd/3.0/
057.mp3	jamendo-474164	lounge	licenses/by-nc-nd/3.0/
060.mp3	jamendo-171791	rock	licenses/by-nc-sa/3.0/
062.mp3	jamendo-334221	hardrock	licenses/by-nc-nd/3.0/
063.mp3	jamendo-417279	hiphop	licenses/by-nc-sa/3.0/
064.mp3	jamendo-225456	indie	licenses/by-nc-nd/3.0/
065.mp3	jamendo-473839	lounge	licenses/by-nc-sa/3.0/
068.mp3	jamendo-503478	poprock	licenses/by-nc/3.0/
070.mp3	jamendo-092184	jazz	licenses/by-nc-sa/3.0/
071.mp3	jamendo-131047	folk	licenses/by-nc-nd/2.0/fr/
074.mp3	jamendo-264060	metal	licenses/by-nc-sa/3.0/
075.mp3	jamendo-460300	ambient	licenses/by-nc-nd/3.0/
078.mp3	jamendo-410751	ambient	licenses/by-nc-nd/3.0/
079.mp3	jamendo-293455	hardrock	licenses/by-nc-nd/3.0/
082.mp3	jamendo-498972	funk	licenses/by-nc-nd/3.0/
083.mp3	jamendo-492354	hardrock	licenses/by-sa/3.0/
085.mp3	jamendo-179884	folk	licenses/by-nc-nd/3.0/
088.mp3	jamendo-346655	rock	licenses/by-nc-nd/3.0/
089.mp3	jamendo-262350	dance	licenses/by-nc-sa/3.0/
094.mp3	jamendo-167065	country	licenses/by-nc-nd/3.0/
100.mp3	jamendo-604548	funk	licenses/by-nc-nd/3.0/
101.mp3	jamendo-532251	lounge	licenses/by-nc-nd/3.0/
102.mp3	jamendo-344442	ambient	licenses/by-sa/3.0/
104.mp3	jamendo-192809	country	licenses/by-sa/3.0/
107.mp3	jamendo-110729	indie	licenses/by-sa/3.0/
113.mp3	jamendo-136737	folk	licenses/by-sa/3.0/
114.mp3	jamendo-342571	dance	licenses/by-nc-nd/3.0/
115.mp3	jamendo-573696	hiphop	licenses/by-nd/3.0/
116.mp3	jamendo-445005	jazz	licenses/by-nc-nd/3.0/
117.mp3	jamendo-182818	blues	licenses/by-nc-nd/3.0/
118.mp3	jamendo-346674	folk	licenses/by-nc-nd/3.0/
119.mp3	jamendo-449181	house	licenses/by-nc-sa/3.0/
122.mp3	jamendo-483822	poprock	licenses/by-nc-nd/3.0/
126.mp3	jamendo-144679	funk	licenses/by-sa/3.0/
127.mp3	jamendo-636163	reggae	licenses/by-nc-nd/3.0/
133.mp3	jamendo-131527	electronic	licenses/by-nc-nd/3.0/
134.mp3	jamendo-129143	ambient	licenses/by-nc-sa/2.0/fr/
135.mp3	jamendo-359759	dance	licenses/by-nc-sa/3.0/
136.mp3	jamendo-261498	folk	licenses/by-nc-nd/3.0/
137.mp3	jamendo-350835	dance	licenses/by-nc-sa/3.0/
140.mp3	jamendo-561328	country	licenses/by-nc-nd/3.0/
141.mp3	jamendo-516321	folk	licenses/by-nc-nd/3.0/
142.mp3	jamendo-305810	ambient	licenses/by-nc-nd/3.0/
147.mp3	jamendo-277645	hiphop	licenses/by-nc-nd/3.0/
150.mp3	jamendo-143752	singersongwriter	licenses/by-nd/3.0/
151.mp3	jamendo-269190	lounge	licenses/by-nc-nd/3.0/
153.mp3	jamendo-134555	metal	licenses/by-nc-nd/2.5/it/
159.mp3	jamendo-470954	blues	licenses/by-nc-nd/3.0/
