C_major_0.wav,C major
C_major_1.wav,C major
C_major_2.wav,C major
C_major_3.wav,C major
C_major_4.wav,C major
C_minor_0.wav,C minor
C_minor_1.wav,C minor
C_minor_2.wav,C minor
C_minor_3.wav,C minor
Db_major_0.wav,Db major
Db_major_1.wav,Db major
Db_major_2.wav,Db major
Db_major_3.wav,Db major
Db_major_4.wav,Db major
Db_minor_0.wav,Db minor
Db_minor_1.wav,Db minor
Db_minor_2.wav,Db minor
Db_minor_3.wav,Db minor
D_major_0.wav,D major
D_major_1.wav,D major
D_major_2.wav,D major
D_major_3.wav,D major
D_major_4.wav,D major
D_minor_0.wav,D minor
D_minor_1.wav,D minor
D_minor_2.wav,D minor
D_minor_3.wav,D minor
Eb_major_0.wav,Eb major
Eb_major_1.wav,Eb major
Eb_major_2.wav,Eb major
Eb_major_3.wav,Eb major
Eb_major_4.wav,Eb major
Eb_minor_0.wav,Eb minor
Eb_minor_1.wav,Eb minor
Eb_minor_2.wav,Eb minor
Eb_minor_3.wav,Eb minor
E_major_0.wav,E major
E_major_1.wav,E major
E_major_2.wav,E major
E_major_3.wav,E major
E_major_4.wav,E major
E_minor_0.wav,E minor
E_minor_1.wav,E minor
E_minor_2.wav,E minor
E_minor_3.wav,E minor
F_major_0.wav,F major
F_major_1.wav,F major
F_major_2.wav,F major
F_major_3.wav,F major
F_major_4.wav,F major
F_minor_0.wav,F minor
F_minor_1.wav,F minor
F_minor_2.wav,F minor
F_minor_3.wav,F minor
F#_major_0.wav,F# major
F#_major_1.wav,F# major
F#_major_2.wav,F# major
F#_major_3.wav,F# major
F#_major_4.wav,F# major
F#_minor_0.wav,F# minor
F#_minor_1.wav,F# minor
F#_minor_2.wav,F# minor
F#_minor_3.wav,F# minor
G_major_0.wav,G major
G_major_1.wav,G major
G_major_2.wav,G major
G_major_3.wav,G major
G_major_4.wav,G major
G_minor_0.wav,G minor
G_minor_1.wav,G minor
G_minor_2.wav,G minor
G_minor_3.wav,G minor
Ab_major_0.wav,Ab major
Ab_major_1.wav,Ab major
Ab_major_2.wav,Ab major
Ab_major_3.wav,Ab major
Ab_major_4.wav,Ab major
Ab_minor_0.wav,Ab minor
Ab_minor_1.wav,Ab minor
Ab_minor_2.wav,Ab minor
Ab_minor_3.wav,Ab minor
A_major_0.wav,A major
A_major_1.wav,A major
A_major_2.wav,A major
A_major_3.wav,A major
A_major_4.wav,A major
A_minor_0.wav,A minor
A_minor_1.wav,A minor
A_minor_2.wav,A minor
A_minor_3.wav,A minor
Bb_major_0.wav,Bb major
Bb_major_1.wav,Bb major
Bb_major_2.wav,Bb major
Bb_major_3.wav,Bb major
Bb_major_4.wav,Bb major
Bb_minor_0.wav,Bb minor
Bb_minor_1.wav,Bb minor
Bb_minor_2.wav,Bb minor
Bb_minor_3.wav,Bb minor
B_major_0.wav,B major
B_major_1.wav,B major
B_major_2.wav,B major
B_major_3.wav,B major
B_major_4.wav,B major
B_minor_0.wav,B minor
B_minor_1.wav,B minor
B_minor_2.wav,B minor
B_minor_3.wav,B minor
