wtc1_01_prelude.mp3,C major
wtc1_03_prelude.mp3,C minor
wtc1_05_prelude.mp3,C# major
wtc1_07_prelude.mp3,C# minor
wtc1_09_prelude.mp3,D major
wtc1_11_prelude.mp3,D minor
wtc1_13_prelude.mp3,Eb major
wtc1_15_prelude.mp3,Eb minor
wtc1_17_prelude.mp3,E major
wtc1_19_prelude.mp3,E minor
wtc1_21_prelude.mp3,F major
wtc1_23_prelude.mp3,F minor
wtc1_25_prelude.mp3,F# major
wtc1_27_prelude.mp3,F# minor
wtc1_29_prelude.mp3,G major
wtc1_31_prelude.mp3,G minor
wtc1_33_prelude.mp3,Ab major
wtc1_35_prelude.mp3,G# minor
wtc1_37_prelude.mp3,A major
wtc1_39_prelude.mp3,A minor
wtc1_41_prelude.mp3,Bb major
wtc1_43_prelude.mp3,Bb minor
wtc1_45_prelude.mp3,B major
wtc1_47_prelude.mp3,B minor
