wtc1_02_fugue.mp3,C major
wtc1_04_fugue.mp3,C minor
wtc1_06_fugue.mp3,C# major
wtc1_08_fugue.mp3,C# minor
wtc1_10_fugue.mp3,D major
wtc1_12_fugue.mp3,D minor
wtc1_14_fugue.mp3,Eb major
wtc1_16_fugue.mp3,D# minor
wtc1_18_fugue.mp3,E major
wtc1_20_fugue.mp3,E minor
wtc1_22_fugue.mp3,F major
wtc1_24_fugue.mp3,F minor
wtc1_26_fugue.mp3,F# major
wtc1_28_fugue.mp3,F# minor
wtc1_30_fugue.mp3,G major
wtc1_32_fugue.mp3,G minor
wtc1_34_fugue.mp3,Ab major
wtc1_36_fugue.mp3,G# minor
wtc1_38_fugue.mp3,A major
wtc1_40_fugue.mp3,A minor
wtc1_42_fugue.mp3,Bb major
wtc1_44_fugue.mp3,Bb minor
wtc1_46_fugue.mp3,B major
wtc1_48_fugue.mp3,B minor
